anomaly_id,anomaly_timestamp,anomaly_moisture_vwc,relative_position,is_anomaly,device_id,timestamp,soil_moisture_vwc,soil_temp_c,ec_us_cm,light_par,air_humidity_pct
1,2026-06-01 00:00:00,105.02,0,True,SENS-04,2026-06-01 00:00:00,105.02,18.17,697.0,0.0,55.8
1,2026-06-01 00:00:00,105.02,1,False,SENS-04,2026-06-01 00:15:00,103.24,18.95,727.0,0.0,67.1
1,2026-06-01 00:00:00,105.02,2,False,SENS-04,2026-06-01 00:30:00,102.31,18.16,662.0,0.0,54.5
1,2026-06-01 00:00:00,105.02,3,False,SENS-04,2026-06-01 00:45:00,100.31,18.18,682.0,0.0,67.4
1,2026-06-01 00:00:00,105.02,4,False,SENS-04,2026-06-01 01:00:00,99.13,17.65,742.0,0.0,65.3
1,2026-06-01 00:00:00,105.02,5,False,SENS-04,2026-06-01 01:15:00,97.66,17.33,665.0,0.0,59.3
1,2026-06-01 00:00:00,105.02,6,False,SENS-04,2026-06-01 01:30:00,96.13,17.65,702.0,0.0,72.1
1,2026-06-01 00:00:00,105.02,7,False,SENS-04,2026-06-01 01:45:00,94.51,18.21,719.0,0.0,68.4
1,2026-06-01 00:00:00,105.02,8,False,SENS-04,2026-06-01 02:00:00,93.43,17.34,659.0,0.0,60.7
1,2026-06-01 00:00:00,105.02,9,False,SENS-04,2026-06-01 02:15:00,92.42,18.21,629.0,0.0,67.3
1,2026-06-01 00:00:00,105.02,10,False,SENS-04,2026-06-01 02:30:00,90.56,17.3,736.0,0.0,70.9
2,2026-06-01 00:15:00,103.24,-1,False,SENS-04,2026-06-01 00:00:00,105.02,18.17,697.0,0.0,55.8
2,2026-06-01 00:15:00,103.24,0,True,SENS-04,2026-06-01 00:15:00,103.24,18.95,727.0,0.0,67.1
2,2026-06-01 00:15:00,103.24,1,False,SENS-04,2026-06-01 00:30:00,102.31,18.16,662.0,0.0,54.5
2,2026-06-01 00:15:00,103.24,2,False,SENS-04,2026-06-01 00:45:00,100.31,18.18,682.0,0.0,67.4
2,2026-06-01 00:15:00,103.24,3,False,SENS-04,2026-06-01 01:00:00,99.13,17.65,742.0,0.0,65.3
2,2026-06-01 00:15:00,103.24,4,False,SENS-04,2026-06-01 01:15:00,97.66,17.33,665.0,0.0,59.3
2,2026-06-01 00:15:00,103.24,5,False,SENS-04,2026-06-01 01:30:00,96.13,17.65,702.0,0.0,72.1
2,2026-06-01 00:15:00,103.24,6,False,SENS-04,2026-06-01 01:45:00,94.51,18.21,719.0,0.0,68.4
2,2026-06-01 00:15:00,103.24,7,False,SENS-04,2026-06-01 02:00:00,93.43,17.34,659.0,0.0,60.7
2,2026-06-01 00:15:00,103.24,8,False,SENS-04,2026-06-01 02:15:00,92.42,18.21,629.0,0.0,67.3
2,2026-06-01 00:15:00,103.24,9,False,SENS-04,2026-06-01 02:30:00,90.56,17.3,736.0,0.0,70.9
2,2026-06-01 00:15:00,103.24,10,False,SENS-04,2026-06-01 02:45:00,89.88,17.08,815.0,0.0,75.1
3,2026-06-01 00:30:00,102.31,-2,False,SENS-04,2026-06-01 00:00:00,105.02,18.17,697.0,0.0,55.8
3,2026-06-01 00:30:00,102.31,-1,False,SENS-04,2026-06-01 00:15:00,103.24,18.95,727.0,0.0,67.1
3,2026-06-01 00:30:00,102.31,0,True,SENS-04,2026-06-01 00:30:00,102.31,18.16,662.0,0.0,54.5
3,2026-06-01 00:30:00,102.31,1,False,SENS-04,2026-06-01 00:45:00,100.31,18.18,682.0,0.0,67.4
3,2026-06-01 00:30:00,102.31,2,False,SENS-04,2026-06-01 01:00:00,99.13,17.65,742.0,0.0,65.3
3,2026-06-01 00:30:00,102.31,3,False,SENS-04,2026-06-01 01:15:00,97.66,17.33,665.0,0.0,59.3
3,2026-06-01 00:30:00,102.31,4,False,SENS-04,2026-06-01 01:30:00,96.13,17.65,702.0,0.0,72.1
3,2026-06-01 00:30:00,102.31,5,False,SENS-04,2026-06-01 01:45:00,94.51,18.21,719.0,0.0,68.4
3,2026-06-01 00:30:00,102.31,6,False,SENS-04,2026-06-01 02:00:00,93.43,17.34,659.0,0.0,60.7
3,2026-06-01 00:30:00,102.31,7,False,SENS-04,2026-06-01 02:15:00,92.42,18.21,629.0,0.0,67.3
3,2026-06-01 00:30:00,102.31,8,False,SENS-04,2026-06-01 02:30:00,90.56,17.3,736.0,0.0,70.9
3,2026-06-01 00:30:00,102.31,9,False,SENS-04,2026-06-01 02:45:00,89.88,17.08,815.0,0.0,75.1
3,2026-06-01 00:30:00,102.31,10,False,SENS-04,2026-06-01 03:00:00,88.28,17.6,718.0,0.0,69.4
4,2026-06-01 00:45:00,100.31,-3,False,SENS-04,2026-06-01 00:00:00,105.02,18.17,697.0,0.0,55.8
4,2026-06-01 00:45:00,100.31,-2,False,SENS-04,2026-06-01 00:15:00,103.24,18.95,727.0,0.0,67.1
4,2026-06-01 00:45:00,100.31,-1,False,SENS-04,2026-06-01 00:30:00,102.31,18.16,662.0,0.0,54.5
4,2026-06-01 00:45:00,100.31,0,True,SENS-04,2026-06-01 00:45:00,100.31,18.18,682.0,0.0,67.4
4,2026-06-01 00:45:00,100.31,1,False,SENS-04,2026-06-01 01:00:00,99.13,17.65,742.0,0.0,65.3
4,2026-06-01 00:45:00,100.31,2,False,SENS-04,2026-06-01 01:15:00,97.66,17.33,665.0,0.0,59.3
4,2026-06-01 00:45:00,100.31,3,False,SENS-04,2026-06-01 01:30:00,96.13,17.65,702.0,0.0,72.1
4,2026-06-01 00:45:00,100.31,4,False,SENS-04,2026-06-01 01:45:00,94.51,18.21,719.0,0.0,68.4
4,2026-06-01 00:45:00,100.31,5,False,SENS-04,2026-06-01 02:00:00,93.43,17.34,659.0,0.0,60.7
4,2026-06-01 00:45:00,100.31,6,False,SENS-04,2026-06-01 02:15:00,92.42,18.21,629.0,0.0,67.3
4,2026-06-01 00:45:00,100.31,7,False,SENS-04,2026-06-01 02:30:00,90.56,17.3,736.0,0.0,70.9
4,2026-06-01 00:45:00,100.31,8,False,SENS-04,2026-06-01 02:45:00,89.88,17.08,815.0,0.0,75.1
4,2026-06-01 00:45:00,100.31,9,False,SENS-04,2026-06-01 03:00:00,88.28,17.6,718.0,0.0,69.4
4,2026-06-01 00:45:00,100.31,10,False,SENS-04,2026-06-01 03:15:00,87.33,17.78,726.0,0.0,63.2
5,2026-06-03 00:00:00,105.23,-10,False,SENS-04,2026-06-02 21:30:00,21.4,21.04,716.0,0.0,48.0
5,2026-06-03 00:00:00,105.23,-9,False,SENS-04,2026-06-02 21:45:00,21.25,20.33,743.0,0.0,50.3
5,2026-06-03 00:00:00,105.23,-8,False,SENS-04,2026-06-02 22:00:00,22.13,20.19,704.0,0.0,48.9
5,2026-06-03 00:00:00,105.23,-7,False,SENS-04,2026-06-02 22:15:00,21.94,20.42,747.0,0.0,50.0
5,2026-06-03 00:00:00,105.23,-6,False,SENS-04,2026-06-02 22:30:00,22.88,18.6,648.0,0.0,51.0
5,2026-06-03 00:00:00,105.23,-5,False,SENS-04,2026-06-02 22:45:00,22.46,19.78,660.0,0.0,61.5
5,2026-06-03 00:00:00,105.23,-4,False,SENS-04,2026-06-02 23:00:00,22.11,19.76,677.0,0.0,54.2
5,2026-06-03 00:00:00,105.23,-3,False,SENS-04,2026-06-02 23:15:00,21.75,18.78,697.0,0.0,59.4
5,2026-06-03 00:00:00,105.23,-2,False,SENS-04,2026-06-02 23:30:00,21.17,18.31,702.0,0.0,54.7
5,2026-06-03 00:00:00,105.23,-1,False,SENS-04,2026-06-02 23:45:00,20.43,19.35,670.0,0.0,63.6
5,2026-06-03 00:00:00,105.23,0,True,SENS-04,2026-06-03 00:00:00,105.23,17.82,660.0,0.0,58.5
5,2026-06-03 00:00:00,105.23,1,False,SENS-04,2026-06-03 00:15:00,103.57,18.54,674.0,0.0,60.9
5,2026-06-03 00:00:00,105.23,2,False,SENS-04,2026-06-03 00:30:00,102.04,18.63,632.0,0.0,56.4
5,2026-06-03 00:00:00,105.23,3,False,SENS-04,2026-06-03 00:45:00,101.3,18.25,688.0,0.0,66.3
5,2026-06-03 00:00:00,105.23,4,False,SENS-04,2026-06-03 01:00:00,100.38,18.19,698.0,0.0,68.0
5,2026-06-03 00:00:00,105.23,5,False,SENS-04,2026-06-03 01:15:00,98.99,17.75,718.0,0.0,61.4
5,2026-06-03 00:00:00,105.23,6,False,SENS-04,2026-06-03 01:30:00,97.89,17.95,707.0,0.0,69.5
5,2026-06-03 00:00:00,105.23,7,False,SENS-04,2026-06-03 01:45:00,95.98,17.4,772.0,0.0,62.9
5,2026-06-03 00:00:00,105.23,8,False,SENS-04,2026-06-03 02:00:00,94.86,17.39,732.0,0.0,69.6
5,2026-06-03 00:00:00,105.23,9,False,SENS-04,2026-06-03 02:15:00,93.63,17.58,729.0,0.0,67.7
5,2026-06-03 00:00:00,105.23,10,False,SENS-04,2026-06-03 02:30:00,92.29,16.91,715.0,0.0,73.3
6,2026-06-03 00:15:00,103.57,-10,False,SENS-04,2026-06-02 21:45:00,21.25,20.33,743.0,0.0,50.3
6,2026-06-03 00:15:00,103.57,-9,False,SENS-04,2026-06-02 22:00:00,22.13,20.19,704.0,0.0,48.9
6,2026-06-03 00:15:00,103.57,-8,False,SENS-04,2026-06-02 22:15:00,21.94,20.42,747.0,0.0,50.0
6,2026-06-03 00:15:00,103.57,-7,False,SENS-04,2026-06-02 22:30:00,22.88,18.6,648.0,0.0,51.0
6,2026-06-03 00:15:00,103.57,-6,False,SENS-04,2026-06-02 22:45:00,22.46,19.78,660.0,0.0,61.5
6,2026-06-03 00:15:00,103.57,-5,False,SENS-04,2026-06-02 23:00:00,22.11,19.76,677.0,0.0,54.2
6,2026-06-03 00:15:00,103.57,-4,False,SENS-04,2026-06-02 23:15:00,21.75,18.78,697.0,0.0,59.4
6,2026-06-03 00:15:00,103.57,-3,False,SENS-04,2026-06-02 23:30:00,21.17,18.31,702.0,0.0,54.7
6,2026-06-03 00:15:00,103.57,-2,False,SENS-04,2026-06-02 23:45:00,20.43,19.35,670.0,0.0,63.6
6,2026-06-03 00:15:00,103.57,-1,False,SENS-04,2026-06-03 00:00:00,105.23,17.82,660.0,0.0,58.5
6,2026-06-03 00:15:00,103.57,0,True,SENS-04,2026-06-03 00:15:00,103.57,18.54,674.0,0.0,60.9
6,2026-06-03 00:15:00,103.57,1,False,SENS-04,2026-06-03 00:30:00,102.04,18.63,632.0,0.0,56.4
6,2026-06-03 00:15:00,103.57,2,False,SENS-04,2026-06-03 00:45:00,101.3,18.25,688.0,0.0,66.3
6,2026-06-03 00:15:00,103.57,3,False,SENS-04,2026-06-03 01:00:00,100.38,18.19,698.0,0.0,68.0
6,2026-06-03 00:15:00,103.57,4,False,SENS-04,2026-06-03 01:15:00,98.99,17.75,718.0,0.0,61.4
6,2026-06-03 00:15:00,103.57,5,False,SENS-04,2026-06-03 01:30:00,97.89,17.95,707.0,0.0,69.5
6,2026-06-03 00:15:00,103.57,6,False,SENS-04,2026-06-03 01:45:00,95.98,17.4,772.0,0.0,62.9
6,2026-06-03 00:15:00,103.57,7,False,SENS-04,2026-06-03 02:00:00,94.86,17.39,732.0,0.0,69.6
6,2026-06-03 00:15:00,103.57,8,False,SENS-04,2026-06-03 02:15:00,93.63,17.58,729.0,0.0,67.7
6,2026-06-03 00:15:00,103.57,9,False,SENS-04,2026-06-03 02:30:00,92.29,16.91,715.0,0.0,73.3
6,2026-06-03 00:15:00,103.57,10,False,SENS-04,2026-06-03 02:45:00,91.14,17.74,721.0,0.0,70.7
7,2026-06-03 00:30:00,102.04,-10,False,SENS-04,2026-06-02 22:00:00,22.13,20.19,704.0,0.0,48.9
7,2026-06-03 00:30:00,102.04,-9,False,SENS-04,2026-06-02 22:15:00,21.94,20.42,747.0,0.0,50.0
7,2026-06-03 00:30:00,102.04,-8,False,SENS-04,2026-06-02 22:30:00,22.88,18.6,648.0,0.0,51.0
7,2026-06-03 00:30:00,102.04,-7,False,SENS-04,2026-06-02 22:45:00,22.46,19.78,660.0,0.0,61.5
7,2026-06-03 00:30:00,102.04,-6,False,SENS-04,2026-06-02 23:00:00,22.11,19.76,677.0,0.0,54.2
7,2026-06-03 00:30:00,102.04,-5,False,SENS-04,2026-06-02 23:15:00,21.75,18.78,697.0,0.0,59.4
7,2026-06-03 00:30:00,102.04,-4,False,SENS-04,2026-06-02 23:30:00,21.17,18.31,702.0,0.0,54.7
7,2026-06-03 00:30:00,102.04,-3,False,SENS-04,2026-06-02 23:45:00,20.43,19.35,670.0,0.0,63.6
7,2026-06-03 00:30:00,102.04,-2,False,SENS-04,2026-06-03 00:00:00,105.23,17.82,660.0,0.0,58.5
7,2026-06-03 00:30:00,102.04,-1,False,SENS-04,2026-06-03 00:15:00,103.57,18.54,674.0,0.0,60.9
7,2026-06-03 00:30:00,102.04,0,True,SENS-04,2026-06-03 00:30:00,102.04,18.63,632.0,0.0,56.4
7,2026-06-03 00:30:00,102.04,1,False,SENS-04,2026-06-03 00:45:00,101.3,18.25,688.0,0.0,66.3
7,2026-06-03 00:30:00,102.04,2,False,SENS-04,2026-06-03 01:00:00,100.38,18.19,698.0,0.0,68.0
7,2026-06-03 00:30:00,102.04,3,False,SENS-04,2026-06-03 01:15:00,98.99,17.75,718.0,0.0,61.4
7,2026-06-03 00:30:00,102.04,4,False,SENS-04,2026-06-03 01:30:00,97.89,17.95,707.0,0.0,69.5
7,2026-06-03 00:30:00,102.04,5,False,SENS-04,2026-06-03 01:45:00,95.98,17.4,772.0,0.0,62.9
7,2026-06-03 00:30:00,102.04,6,False,SENS-04,2026-06-03 02:00:00,94.86,17.39,732.0,0.0,69.6
7,2026-06-03 00:30:00,102.04,7,False,SENS-04,2026-06-03 02:15:00,93.63,17.58,729.0,0.0,67.7
7,2026-06-03 00:30:00,102.04,8,False,SENS-04,2026-06-03 02:30:00,92.29,16.91,715.0,0.0,73.3
7,2026-06-03 00:30:00,102.04,9,False,SENS-04,2026-06-03 02:45:00,91.14,17.74,721.0,0.0,70.7
7,2026-06-03 00:30:00,102.04,10,False,SENS-04,2026-06-03 03:00:00,89.94,16.51,691.0,0.0,73.4
8,2026-06-03 00:45:00,101.3,-10,False,SENS-04,2026-06-02 22:15:00,21.94,20.42,747.0,0.0,50.0
8,2026-06-03 00:45:00,101.3,-9,False,SENS-04,2026-06-02 22:30:00,22.88,18.6,648.0,0.0,51.0
8,2026-06-03 00:45:00,101.3,-8,False,SENS-04,2026-06-02 22:45:00,22.46,19.78,660.0,0.0,61.5
8,2026-06-03 00:45:00,101.3,-7,False,SENS-04,2026-06-02 23:00:00,22.11,19.76,677.0,0.0,54.2
8,2026-06-03 00:45:00,101.3,-6,False,SENS-04,2026-06-02 23:15:00,21.75,18.78,697.0,0.0,59.4
8,2026-06-03 00:45:00,101.3,-5,False,SENS-04,2026-06-02 23:30:00,21.17,18.31,702.0,0.0,54.7
8,2026-06-03 00:45:00,101.3,-4,False,SENS-04,2026-06-02 23:45:00,20.43,19.35,670.0,0.0,63.6
8,2026-06-03 00:45:00,101.3,-3,False,SENS-04,2026-06-03 00:00:00,105.23,17.82,660.0,0.0,58.5
8,2026-06-03 00:45:00,101.3,-2,False,SENS-04,2026-06-03 00:15:00,103.57,18.54,674.0,0.0,60.9
8,2026-06-03 00:45:00,101.3,-1,False,SENS-04,2026-06-03 00:30:00,102.04,18.63,632.0,0.0,56.4
8,2026-06-03 00:45:00,101.3,0,True,SENS-04,2026-06-03 00:45:00,101.3,18.25,688.0,0.0,66.3
8,2026-06-03 00:45:00,101.3,1,False,SENS-04,2026-06-03 01:00:00,100.38,18.19,698.0,0.0,68.0
8,2026-06-03 00:45:00,101.3,2,False,SENS-04,2026-06-03 01:15:00,98.99,17.75,718.0,0.0,61.4
8,2026-06-03 00:45:00,101.3,3,False,SENS-04,2026-06-03 01:30:00,97.89,17.95,707.0,0.0,69.5
8,2026-06-03 00:45:00,101.3,4,False,SENS-04,2026-06-03 01:45:00,95.98,17.4,772.0,0.0,62.9
8,2026-06-03 00:45:00,101.3,5,False,SENS-04,2026-06-03 02:00:00,94.86,17.39,732.0,0.0,69.6
8,2026-06-03 00:45:00,101.3,6,False,SENS-04,2026-06-03 02:15:00,93.63,17.58,729.0,0.0,67.7
8,2026-06-03 00:45:00,101.3,7,False,SENS-04,2026-06-03 02:30:00,92.29,16.91,715.0,0.0,73.3
8,2026-06-03 00:45:00,101.3,8,False,SENS-04,2026-06-03 02:45:00,91.14,17.74,721.0,0.0,70.7
8,2026-06-03 00:45:00,101.3,9,False,SENS-04,2026-06-03 03:00:00,89.94,16.51,691.0,0.0,73.4
8,2026-06-03 00:45:00,101.3,10,False,SENS-04,2026-06-03 03:15:00,88.28,17.65,704.0,0.0,74.9
9,2026-06-03 01:00:00,100.38,-10,False,SENS-04,2026-06-02 22:30:00,22.88,18.6,648.0,0.0,51.0
9,2026-06-03 01:00:00,100.38,-9,False,SENS-04,2026-06-02 22:45:00,22.46,19.78,660.0,0.0,61.5
9,2026-06-03 01:00:00,100.38,-8,False,SENS-04,2026-06-02 23:00:00,22.11,19.76,677.0,0.0,54.2
9,2026-06-03 01:00:00,100.38,-7,False,SENS-04,2026-06-02 23:15:00,21.75,18.78,697.0,0.0,59.4
9,2026-06-03 01:00:00,100.38,-6,False,SENS-04,2026-06-02 23:30:00,21.17,18.31,702.0,0.0,54.7
9,2026-06-03 01:00:00,100.38,-5,False,SENS-04,2026-06-02 23:45:00,20.43,19.35,670.0,0.0,63.6
9,2026-06-03 01:00:00,100.38,-4,False,SENS-04,2026-06-03 00:00:00,105.23,17.82,660.0,0.0,58.5
9,2026-06-03 01:00:00,100.38,-3,False,SENS-04,2026-06-03 00:15:00,103.57,18.54,674.0,0.0,60.9
9,2026-06-03 01:00:00,100.38,-2,False,SENS-04,2026-06-03 00:30:00,102.04,18.63,632.0,0.0,56.4
9,2026-06-03 01:00:00,100.38,-1,False,SENS-04,2026-06-03 00:45:00,101.3,18.25,688.0,0.0,66.3
9,2026-06-03 01:00:00,100.38,0,True,SENS-04,2026-06-03 01:00:00,100.38,18.19,698.0,0.0,68.0
9,2026-06-03 01:00:00,100.38,1,False,SENS-04,2026-06-03 01:15:00,98.99,17.75,718.0,0.0,61.4
9,2026-06-03 01:00:00,100.38,2,False,SENS-04,2026-06-03 01:30:00,97.89,17.95,707.0,0.0,69.5
9,2026-06-03 01:00:00,100.38,3,False,SENS-04,2026-06-03 01:45:00,95.98,17.4,772.0,0.0,62.9
9,2026-06-03 01:00:00,100.38,4,False,SENS-04,2026-06-03 02:00:00,94.86,17.39,732.0,0.0,69.6
9,2026-06-03 01:00:00,100.38,5,False,SENS-04,2026-06-03 02:15:00,93.63,17.58,729.0,0.0,67.7
9,2026-06-03 01:00:00,100.38,6,False,SENS-04,2026-06-03 02:30:00,92.29,16.91,715.0,0.0,73.3
9,2026-06-03 01:00:00,100.38,7,False,SENS-04,2026-06-03 02:45:00,91.14,17.74,721.0,0.0,70.7
9,2026-06-03 01:00:00,100.38,8,False,SENS-04,2026-06-03 03:00:00,89.94,16.51,691.0,0.0,73.4
9,2026-06-03 01:00:00,100.38,9,False,SENS-04,2026-06-03 03:15:00,88.28,17.65,704.0,0.0,74.9
9,2026-06-03 01:00:00,100.38,10,False,SENS-04,2026-06-03 03:30:00,87.85,17.71,777.0,0.0,70.8
10,2026-06-05 00:00:00,107.04,-10,False,SENS-04,2026-06-04 21:30:00,19.83,20.54,702.0,0.0,50.8
10,2026-06-05 00:00:00,107.04,-9,False,SENS-04,2026-06-04 21:45:00,19.65,20.55,728.0,0.0,54.8
10,2026-06-05 00:00:00,107.04,-8,False,SENS-04,2026-06-04 22:00:00,19.41,20.46,616.0,0.0,42.5
10,2026-06-05 00:00:00,107.04,-7,False,SENS-04,2026-06-04 22:15:00,18.56,20.25,677.0,0.0,49.5
10,2026-06-05 00:00:00,107.04,-6,False,SENS-04,2026-06-04 22:30:00,18.11,19.63,644.0,0.0,53.4
10,2026-06-05 00:00:00,107.04,-5,False,SENS-04,2026-06-04 22:45:00,17.6,19.38,694.0,0.0,53.8
10,2026-06-05 00:00:00,107.04,-4,False,SENS-04,2026-06-04 23:00:00,17.17,19.01,717.0,0.0,57.8
10,2026-06-05 00:00:00,107.04,-3,False,SENS-04,2026-06-04 23:15:00,17.7,19.16,745.0,0.0,56.4
10,2026-06-05 00:00:00,107.04,-2,False,SENS-04,2026-06-04 23:30:00,17.9,18.21,683.0,0.0,55.8
10,2026-06-05 00:00:00,107.04,-1,False,SENS-04,2026-06-04 23:45:00,18.27,18.7,704.0,0.0,55.5
10,2026-06-05 00:00:00,107.04,0,True,SENS-04,2026-06-05 00:00:00,107.04,19.66,633.0,0.0,56.1
10,2026-06-05 00:00:00,107.04,1,False,SENS-04,2026-06-05 00:15:00,105.66,17.77,666.0,0.0,58.6
10,2026-06-05 00:00:00,107.04,2,False,SENS-04,2026-06-05 00:30:00,104.89,18.29,708.0,0.0,60.2
10,2026-06-05 00:00:00,107.04,3,False,SENS-04,2026-06-05 00:45:00,103.03,18.24,646.0,0.0,64.1
10,2026-06-05 00:00:00,107.04,4,False,SENS-04,2026-06-05 01:00:00,101.67,18.17,749.0,0.0,63.5
10,2026-06-05 00:00:00,107.04,5,False,SENS-04,2026-06-05 01:15:00,99.95,17.47,721.0,0.0,63.0
10,2026-06-05 00:00:00,107.04,6,False,SENS-04,2026-06-05 01:30:00,99.16,17.97,664.0,0.0,62.9
10,2026-06-05 00:00:00,107.04,7,False,SENS-04,2026-06-05 01:45:00,98.05,17.47,641.0,0.0,64.8
10,2026-06-05 00:00:00,107.04,8,False,SENS-04,2026-06-05 02:00:00,97.27,17.05,671.0,0.0,66.0
10,2026-06-05 00:00:00,107.04,9,False,SENS-04,2026-06-05 02:15:00,95.47,17.95,664.0,0.0,66.3
10,2026-06-05 00:00:00,107.04,10,False,SENS-04,2026-06-05 02:30:00,94.01,17.8,651.0,0.0,71.3
11,2026-06-05 00:15:00,105.66,-10,False,SENS-04,2026-06-04 21:45:00,19.65,20.55,728.0,0.0,54.8
11,2026-06-05 00:15:00,105.66,-9,False,SENS-04,2026-06-04 22:00:00,19.41,20.46,616.0,0.0,42.5
11,2026-06-05 00:15:00,105.66,-8,False,SENS-04,2026-06-04 22:15:00,18.56,20.25,677.0,0.0,49.5
11,2026-06-05 00:15:00,105.66,-7,False,SENS-04,2026-06-04 22:30:00,18.11,19.63,644.0,0.0,53.4
11,2026-06-05 00:15:00,105.66,-6,False,SENS-04,2026-06-04 22:45:00,17.6,19.38,694.0,0.0,53.8
11,2026-06-05 00:15:00,105.66,-5,False,SENS-04,2026-06-04 23:00:00,17.17,19.01,717.0,0.0,57.8
11,2026-06-05 00:15:00,105.66,-4,False,SENS-04,2026-06-04 23:15:00,17.7,19.16,745.0,0.0,56.4
11,2026-06-05 00:15:00,105.66,-3,False,SENS-04,2026-06-04 23:30:00,17.9,18.21,683.0,0.0,55.8
11,2026-06-05 00:15:00,105.66,-2,False,SENS-04,2026-06-04 23:45:00,18.27,18.7,704.0,0.0,55.5
11,2026-06-05 00:15:00,105.66,-1,False,SENS-04,2026-06-05 00:00:00,107.04,19.66,633.0,0.0,56.1
11,2026-06-05 00:15:00,105.66,0,True,SENS-04,2026-06-05 00:15:00,105.66,17.77,666.0,0.0,58.6
11,2026-06-05 00:15:00,105.66,1,False,SENS-04,2026-06-05 00:30:00,104.89,18.29,708.0,0.0,60.2
11,2026-06-05 00:15:00,105.66,2,False,SENS-04,2026-06-05 00:45:00,103.03,18.24,646.0,0.0,64.1
11,2026-06-05 00:15:00,105.66,3,False,SENS-04,2026-06-05 01:00:00,101.67,18.17,749.0,0.0,63.5
11,2026-06-05 00:15:00,105.66,4,False,SENS-04,2026-06-05 01:15:00,99.95,17.47,721.0,0.0,63.0
11,2026-06-05 00:15:00,105.66,5,False,SENS-04,2026-06-05 01:30:00,99.16,17.97,664.0,0.0,62.9
11,2026-06-05 00:15:00,105.66,6,False,SENS-04,2026-06-05 01:45:00,98.05,17.47,641.0,0.0,64.8
11,2026-06-05 00:15:00,105.66,7,False,SENS-04,2026-06-05 02:00:00,97.27,17.05,671.0,0.0,66.0
11,2026-06-05 00:15:00,105.66,8,False,SENS-04,2026-06-05 02:15:00,95.47,17.95,664.0,0.0,66.3
11,2026-06-05 00:15:00,105.66,9,False,SENS-04,2026-06-05 02:30:00,94.01,17.8,651.0,0.0,71.3
11,2026-06-05 00:15:00,105.66,10,False,SENS-04,2026-06-05 02:45:00,92.1,17.12,644.0,0.0,74.1
12,2026-06-05 00:30:00,104.89,-10,False,SENS-04,2026-06-04 22:00:00,19.41,20.46,616.0,0.0,42.5
12,2026-06-05 00:30:00,104.89,-9,False,SENS-04,2026-06-04 22:15:00,18.56,20.25,677.0,0.0,49.5
12,2026-06-05 00:30:00,104.89,-8,False,SENS-04,2026-06-04 22:30:00,18.11,19.63,644.0,0.0,53.4
12,2026-06-05 00:30:00,104.89,-7,False,SENS-04,2026-06-04 22:45:00,17.6,19.38,694.0,0.0,53.8
12,2026-06-05 00:30:00,104.89,-6,False,SENS-04,2026-06-04 23:00:00,17.17,19.01,717.0,0.0,57.8
12,2026-06-05 00:30:00,104.89,-5,False,SENS-04,2026-06-04 23:15:00,17.7,19.16,745.0,0.0,56.4
12,2026-06-05 00:30:00,104.89,-4,False,SENS-04,2026-06-04 23:30:00,17.9,18.21,683.0,0.0,55.8
12,2026-06-05 00:30:00,104.89,-3,False,SENS-04,2026-06-04 23:45:00,18.27,18.7,704.0,0.0,55.5
12,2026-06-05 00:30:00,104.89,-2,False,SENS-04,2026-06-05 00:00:00,107.04,19.66,633.0,0.0,56.1
12,2026-06-05 00:30:00,104.89,-1,False,SENS-04,2026-06-05 00:15:00,105.66,17.77,666.0,0.0,58.6
12,2026-06-05 00:30:00,104.89,0,True,SENS-04,2026-06-05 00:30:00,104.89,18.29,708.0,0.0,60.2
12,2026-06-05 00:30:00,104.89,1,False,SENS-04,2026-06-05 00:45:00,103.03,18.24,646.0,0.0,64.1
12,2026-06-05 00:30:00,104.89,2,False,SENS-04,2026-06-05 01:00:00,101.67,18.17,749.0,0.0,63.5
12,2026-06-05 00:30:00,104.89,3,False,SENS-04,2026-06-05 01:15:00,99.95,17.47,721.0,0.0,63.0
12,2026-06-05 00:30:00,104.89,4,False,SENS-04,2026-06-05 01:30:00,99.16,17.97,664.0,0.0,62.9
12,2026-06-05 00:30:00,104.89,5,False,SENS-04,2026-06-05 01:45:00,98.05,17.47,641.0,0.0,64.8
12,2026-06-05 00:30:00,104.89,6,False,SENS-04,2026-06-05 02:00:00,97.27,17.05,671.0,0.0,66.0
12,2026-06-05 00:30:00,104.89,7,False,SENS-04,2026-06-05 02:15:00,95.47,17.95,664.0,0.0,66.3
12,2026-06-05 00:30:00,104.89,8,False,SENS-04,2026-06-05 02:30:00,94.01,17.8,651.0,0.0,71.3
12,2026-06-05 00:30:00,104.89,9,False,SENS-04,2026-06-05 02:45:00,92.1,17.12,644.0,0.0,74.1
12,2026-06-05 00:30:00,104.89,10,False,SENS-04,2026-06-05 03:00:00,91.08,17.28,691.0,0.0,67.1
13,2026-06-05 00:45:00,103.03,-10,False,SENS-04,2026-06-04 22:15:00,18.56,20.25,677.0,0.0,49.5
13,2026-06-05 00:45:00,103.03,-9,False,SENS-04,2026-06-04 22:30:00,18.11,19.63,644.0,0.0,53.4
13,2026-06-05 00:45:00,103.03,-8,False,SENS-04,2026-06-04 22:45:00,17.6,19.38,694.0,0.0,53.8
13,2026-06-05 00:45:00,103.03,-7,False,SENS-04,2026-06-04 23:00:00,17.17,19.01,717.0,0.0,57.8
13,2026-06-05 00:45:00,103.03,-6,False,SENS-04,2026-06-04 23:15:00,17.7,19.16,745.0,0.0,56.4
13,2026-06-05 00:45:00,103.03,-5,False,SENS-04,2026-06-04 23:30:00,17.9,18.21,683.0,0.0,55.8
13,2026-06-05 00:45:00,103.03,-4,False,SENS-04,2026-06-04 23:45:00,18.27,18.7,704.0,0.0,55.5
13,2026-06-05 00:45:00,103.03,-3,False,SENS-04,2026-06-05 00:00:00,107.04,19.66,633.0,0.0,56.1
13,2026-06-05 00:45:00,103.03,-2,False,SENS-04,2026-06-05 00:15:00,105.66,17.77,666.0,0.0,58.6
13,2026-06-05 00:45:00,103.03,-1,False,SENS-04,2026-06-05 00:30:00,104.89,18.29,708.0,0.0,60.2
13,2026-06-05 00:45:00,103.03,0,True,SENS-04,2026-06-05 00:45:00,103.03,18.24,646.0,0.0,64.1
13,2026-06-05 00:45:00,103.03,1,False,SENS-04,2026-06-05 01:00:00,101.67,18.17,749.0,0.0,63.5
13,2026-06-05 00:45:00,103.03,2,False,SENS-04,2026-06-05 01:15:00,99.95,17.47,721.0,0.0,63.0
13,2026-06-05 00:45:00,103.03,3,False,SENS-04,2026-06-05 01:30:00,99.16,17.97,664.0,0.0,62.9
13,2026-06-05 00:45:00,103.03,4,False,SENS-04,2026-06-05 01:45:00,98.05,17.47,641.0,0.0,64.8
13,2026-06-05 00:45:00,103.03,5,False,SENS-04,2026-06-05 02:00:00,97.27,17.05,671.0,0.0,66.0
13,2026-06-05 00:45:00,103.03,6,False,SENS-04,2026-06-05 02:15:00,95.47,17.95,664.0,0.0,66.3
13,2026-06-05 00:45:00,103.03,7,False,SENS-04,2026-06-05 02:30:00,94.01,17.8,651.0,0.0,71.3
13,2026-06-05 00:45:00,103.03,8,False,SENS-04,2026-06-05 02:45:00,92.1,17.12,644.0,0.0,74.1
13,2026-06-05 00:45:00,103.03,9,False,SENS-04,2026-06-05 03:00:00,91.08,17.28,691.0,0.0,67.1
13,2026-06-05 00:45:00,103.03,10,False,SENS-04,2026-06-05 03:15:00,89.76,17.28,729.0,0.0,74.5
14,2026-06-05 01:00:00,101.67,-10,False,SENS-04,2026-06-04 22:30:00,18.11,19.63,644.0,0.0,53.4
14,2026-06-05 01:00:00,101.67,-9,False,SENS-04,2026-06-04 22:45:00,17.6,19.38,694.0,0.0,53.8
14,2026-06-05 01:00:00,101.67,-8,False,SENS-04,2026-06-04 23:00:00,17.17,19.01,717.0,0.0,57.8
14,2026-06-05 01:00:00,101.67,-7,False,SENS-04,2026-06-04 23:15:00,17.7,19.16,745.0,0.0,56.4
14,2026-06-05 01:00:00,101.67,-6,False,SENS-04,2026-06-04 23:30:00,17.9,18.21,683.0,0.0,55.8
14,2026-06-05 01:00:00,101.67,-5,False,SENS-04,2026-06-04 23:45:00,18.27,18.7,704.0,0.0,55.5
14,2026-06-05 01:00:00,101.67,-4,False,SENS-04,2026-06-05 00:00:00,107.04,19.66,633.0,0.0,56.1
14,2026-06-05 01:00:00,101.67,-3,False,SENS-04,2026-06-05 00:15:00,105.66,17.77,666.0,0.0,58.6
14,2026-06-05 01:00:00,101.67,-2,False,SENS-04,2026-06-05 00:30:00,104.89,18.29,708.0,0.0,60.2
14,2026-06-05 01:00:00,101.67,-1,False,SENS-04,2026-06-05 00:45:00,103.03,18.24,646.0,0.0,64.1
14,2026-06-05 01:00:00,101.67,0,True,SENS-04,2026-06-05 01:00:00,101.67,18.17,749.0,0.0,63.5
14,2026-06-05 01:00:00,101.67,1,False,SENS-04,2026-06-05 01:15:00,99.95,17.47,721.0,0.0,63.0
14,2026-06-05 01:00:00,101.67,2,False,SENS-04,2026-06-05 01:30:00,99.16,17.97,664.0,0.0,62.9
14,2026-06-05 01:00:00,101.67,3,False,SENS-04,2026-06-05 01:45:00,98.05,17.47,641.0,0.0,64.8
14,2026-06-05 01:00:00,101.67,4,False,SENS-04,2026-06-05 02:00:00,97.27,17.05,671.0,0.0,66.0
14,2026-06-05 01:00:00,101.67,5,False,SENS-04,2026-06-05 02:15:00,95.47,17.95,664.0,0.0,66.3
14,2026-06-05 01:00:00,101.67,6,False,SENS-04,2026-06-05 02:30:00,94.01,17.8,651.0,0.0,71.3
14,2026-06-05 01:00:00,101.67,7,False,SENS-04,2026-06-05 02:45:00,92.1,17.12,644.0,0.0,74.1
14,2026-06-05 01:00:00,101.67,8,False,SENS-04,2026-06-05 03:00:00,91.08,17.28,691.0,0.0,67.1
14,2026-06-05 01:00:00,101.67,9,False,SENS-04,2026-06-05 03:15:00,89.76,17.28,729.0,0.0,74.5
14,2026-06-05 01:00:00,101.67,10,False,SENS-04,2026-06-05 03:30:00,88.94,16.87,672.0,0.0,73.7
15,2026-06-07 00:00:00,104.93,-10,False,SENS-04,2026-06-06 21:30:00,23.48,20.64,720.0,0.0,48.3
15,2026-06-07 00:00:00,104.93,-9,False,SENS-04,2026-06-06 21:45:00,23.6,20.87,774.0,0.0,44.5
15,2026-06-07 00:00:00,104.93,-8,False,SENS-04,2026-06-06 22:00:00,23.78,20.65,700.0,0.0,47.4
15,2026-06-07 00:00:00,104.93,-7,False,SENS-04,2026-06-06 22:15:00,23.22,19.64,684.0,0.0,52.3
15,2026-06-07 00:00:00,104.93,-6,False,SENS-04,2026-06-06 22:30:00,23.07,20.46,679.0,0.0,51.1
15,2026-06-07 00:00:00,104.93,-5,False,SENS-04,2026-06-06 22:45:00,22.91,19.31,659.0,0.0,48.1
15,2026-06-07 00:00:00,104.93,-4,False,SENS-04,2026-06-06 23:00:00,21.97,18.84,732.0,0.0,60.2
15,2026-06-07 00:00:00,104.93,-3,False,SENS-04,2026-06-06 23:15:00,22.21,18.51,656.0,0.0,56.0
15,2026-06-07 00:00:00,104.93,-2,False,SENS-04,2026-06-06 23:30:00,21.75,18.44,732.0,0.0,54.0
15,2026-06-07 00:00:00,104.93,-1,False,SENS-04,2026-06-06 23:45:00,21.95,18.83,691.0,0.0,58.9
15,2026-06-07 00:00:00,104.93,0,True,SENS-04,2026-06-07 00:00:00,104.93,18.42,629.0,0.0,59.4
15,2026-06-07 00:00:00,104.93,1,False,SENS-04,2026-06-07 00:15:00,103.45,18.12,760.0,0.0,62.1
15,2026-06-07 00:00:00,104.93,2,False,SENS-04,2026-06-07 00:30:00,102.88,17.88,565.0,0.0,60.9
15,2026-06-07 00:00:00,104.93,3,False,SENS-04,2026-06-07 00:45:00,101.48,17.66,697.0,0.0,63.9
15,2026-06-07 00:00:00,104.93,4,False,SENS-04,2026-06-07 01:00:00,100.15,17.61,709.0,0.0,66.8
15,2026-06-07 00:00:00,104.93,5,False,SENS-04,2026-06-07 01:15:00,99.49,18.27,608.0,0.0,61.0
15,2026-06-07 00:00:00,104.93,6,False,SENS-04,2026-06-07 01:30:00,97.84,18.49,718.0,0.0,63.9
15,2026-06-07 00:00:00,104.93,7,False,SENS-04,2026-06-07 01:45:00,96.61,18.43,673.0,0.0,69.4
15,2026-06-07 00:00:00,104.93,8,False,SENS-04,2026-06-07 02:00:00,95.59,17.89,690.0,0.0,66.1
15,2026-06-07 00:00:00,104.93,9,False,SENS-04,2026-06-07 02:15:00,94.53,17.37,754.0,0.0,68.3
15,2026-06-07 00:00:00,104.93,10,False,SENS-04,2026-06-07 02:30:00,93.35,17.26,706.0,0.0,67.9
16,2026-06-07 00:15:00,103.45,-10,False,SENS-04,2026-06-06 21:45:00,23.6,20.87,774.0,0.0,44.5
16,2026-06-07 00:15:00,103.45,-9,False,SENS-04,2026-06-06 22:00:00,23.78,20.65,700.0,0.0,47.4
16,2026-06-07 00:15:00,103.45,-8,False,SENS-04,2026-06-06 22:15:00,23.22,19.64,684.0,0.0,52.3
16,2026-06-07 00:15:00,103.45,-7,False,SENS-04,2026-06-06 22:30:00,23.07,20.46,679.0,0.0,51.1
16,2026-06-07 00:15:00,103.45,-6,False,SENS-04,2026-06-06 22:45:00,22.91,19.31,659.0,0.0,48.1
16,2026-06-07 00:15:00,103.45,-5,False,SENS-04,2026-06-06 23:00:00,21.97,18.84,732.0,0.0,60.2
16,2026-06-07 00:15:00,103.45,-4,False,SENS-04,2026-06-06 23:15:00,22.21,18.51,656.0,0.0,56.0
16,2026-06-07 00:15:00,103.45,-3,False,SENS-04,2026-06-06 23:30:00,21.75,18.44,732.0,0.0,54.0
16,2026-06-07 00:15:00,103.45,-2,False,SENS-04,2026-06-06 23:45:00,21.95,18.83,691.0,0.0,58.9
16,2026-06-07 00:15:00,103.45,-1,False,SENS-04,2026-06-07 00:00:00,104.93,18.42,629.0,0.0,59.4
16,2026-06-07 00:15:00,103.45,0,True,SENS-04,2026-06-07 00:15:00,103.45,18.12,760.0,0.0,62.1
16,2026-06-07 00:15:00,103.45,1,False,SENS-04,2026-06-07 00:30:00,102.88,17.88,565.0,0.0,60.9
16,2026-06-07 00:15:00,103.45,2,False,SENS-04,2026-06-07 00:45:00,101.48,17.66,697.0,0.0,63.9
16,2026-06-07 00:15:00,103.45,3,False,SENS-04,2026-06-07 01:00:00,100.15,17.61,709.0,0.0,66.8
16,2026-06-07 00:15:00,103.45,4,False,SENS-04,2026-06-07 01:15:00,99.49,18.27,608.0,0.0,61.0
16,2026-06-07 00:15:00,103.45,5,False,SENS-04,2026-06-07 01:30:00,97.84,18.49,718.0,0.0,63.9
16,2026-06-07 00:15:00,103.45,6,False,SENS-04,2026-06-07 01:45:00,96.61,18.43,673.0,0.0,69.4
16,2026-06-07 00:15:00,103.45,7,False,SENS-04,2026-06-07 02:00:00,95.59,17.89,690.0,0.0,66.1
16,2026-06-07 00:15:00,103.45,8,False,SENS-04,2026-06-07 02:15:00,94.53,17.37,754.0,0.0,68.3
16,2026-06-07 00:15:00,103.45,9,False,SENS-04,2026-06-07 02:30:00,93.35,17.26,706.0,0.0,67.9
16,2026-06-07 00:15:00,103.45,10,False,SENS-04,2026-06-07 02:45:00,92.13,17.81,686.0,0.0,68.7
17,2026-06-07 00:30:00,102.88,-10,False,SENS-04,2026-06-06 22:00:00,23.78,20.65,700.0,0.0,47.4
17,2026-06-07 00:30:00,102.88,-9,False,SENS-04,2026-06-06 22:15:00,23.22,19.64,684.0,0.0,52.3
17,2026-06-07 00:30:00,102.88,-8,False,SENS-04,2026-06-06 22:30:00,23.07,20.46,679.0,0.0,51.1
17,2026-06-07 00:30:00,102.88,-7,False,SENS-04,2026-06-06 22:45:00,22.91,19.31,659.0,0.0,48.1
17,2026-06-07 00:30:00,102.88,-6,False,SENS-04,2026-06-06 23:00:00,21.97,18.84,732.0,0.0,60.2
17,2026-06-07 00:30:00,102.88,-5,False,SENS-04,2026-06-06 23:15:00,22.21,18.51,656.0,0.0,56.0
17,2026-06-07 00:30:00,102.88,-4,False,SENS-04,2026-06-06 23:30:00,21.75,18.44,732.0,0.0,54.0
17,2026-06-07 00:30:00,102.88,-3,False,SENS-04,2026-06-06 23:45:00,21.95,18.83,691.0,0.0,58.9
17,2026-06-07 00:30:00,102.88,-2,False,SENS-04,2026-06-07 00:00:00,104.93,18.42,629.0,0.0,59.4
17,2026-06-07 00:30:00,102.88,-1,False,SENS-04,2026-06-07 00:15:00,103.45,18.12,760.0,0.0,62.1
17,2026-06-07 00:30:00,102.88,0,True,SENS-04,2026-06-07 00:30:00,102.88,17.88,565.0,0.0,60.9
17,2026-06-07 00:30:00,102.88,1,False,SENS-04,2026-06-07 00:45:00,101.48,17.66,697.0,0.0,63.9
17,2026-06-07 00:30:00,102.88,2,False,SENS-04,2026-06-07 01:00:00,100.15,17.61,709.0,0.0,66.8
17,2026-06-07 00:30:00,102.88,3,False,SENS-04,2026-06-07 01:15:00,99.49,18.27,608.0,0.0,61.0
17,2026-06-07 00:30:00,102.88,4,False,SENS-04,2026-06-07 01:30:00,97.84,18.49,718.0,0.0,63.9
17,2026-06-07 00:30:00,102.88,5,False,SENS-04,2026-06-07 01:45:00,96.61,18.43,673.0,0.0,69.4
17,2026-06-07 00:30:00,102.88,6,False,SENS-04,2026-06-07 02:00:00,95.59,17.89,690.0,0.0,66.1
17,2026-06-07 00:30:00,102.88,7,False,SENS-04,2026-06-07 02:15:00,94.53,17.37,754.0,0.0,68.3
17,2026-06-07 00:30:00,102.88,8,False,SENS-04,2026-06-07 02:30:00,93.35,17.26,706.0,0.0,67.9
17,2026-06-07 00:30:00,102.88,9,False,SENS-04,2026-06-07 02:45:00,92.13,17.81,686.0,0.0,68.7
17,2026-06-07 00:30:00,102.88,10,False,SENS-04,2026-06-07 03:00:00,91.3,17.4,693.0,0.0,69.1
18,2026-06-07 00:45:00,101.48,-10,False,SENS-04,2026-06-06 22:15:00,23.22,19.64,684.0,0.0,52.3
18,2026-06-07 00:45:00,101.48,-9,False,SENS-04,2026-06-06 22:30:00,23.07,20.46,679.0,0.0,51.1
18,2026-06-07 00:45:00,101.48,-8,False,SENS-04,2026-06-06 22:45:00,22.91,19.31,659.0,0.0,48.1
18,2026-06-07 00:45:00,101.48,-7,False,SENS-04,2026-06-06 23:00:00,21.97,18.84,732.0,0.0,60.2
18,2026-06-07 00:45:00,101.48,-6,False,SENS-04,2026-06-06 23:15:00,22.21,18.51,656.0,0.0,56.0
18,2026-06-07 00:45:00,101.48,-5,False,SENS-04,2026-06-06 23:30:00,21.75,18.44,732.0,0.0,54.0
18,2026-06-07 00:45:00,101.48,-4,False,SENS-04,2026-06-06 23:45:00,21.95,18.83,691.0,0.0,58.9
18,2026-06-07 00:45:00,101.48,-3,False,SENS-04,2026-06-07 00:00:00,104.93,18.42,629.0,0.0,59.4
18,2026-06-07 00:45:00,101.48,-2,False,SENS-04,2026-06-07 00:15:00,103.45,18.12,760.0,0.0,62.1
18,2026-06-07 00:45:00,101.48,-1,False,SENS-04,2026-06-07 00:30:00,102.88,17.88,565.0,0.0,60.9
18,2026-06-07 00:45:00,101.48,0,True,SENS-04,2026-06-07 00:45:00,101.48,17.66,697.0,0.0,63.9
18,2026-06-07 00:45:00,101.48,1,False,SENS-04,2026-06-07 01:00:00,100.15,17.61,709.0,0.0,66.8
18,2026-06-07 00:45:00,101.48,2,False,SENS-04,2026-06-07 01:15:00,99.49,18.27,608.0,0.0,61.0
18,2026-06-07 00:45:00,101.48,3,False,SENS-04,2026-06-07 01:30:00,97.84,18.49,718.0,0.0,63.9
18,2026-06-07 00:45:00,101.48,4,False,SENS-04,2026-06-07 01:45:00,96.61,18.43,673.0,0.0,69.4
18,2026-06-07 00:45:00,101.48,5,False,SENS-04,2026-06-07 02:00:00,95.59,17.89,690.0,0.0,66.1
18,2026-06-07 00:45:00,101.48,6,False,SENS-04,2026-06-07 02:15:00,94.53,17.37,754.0,0.0,68.3
18,2026-06-07 00:45:00,101.48,7,False,SENS-04,2026-06-07 02:30:00,93.35,17.26,706.0,0.0,67.9
18,2026-06-07 00:45:00,101.48,8,False,SENS-04,2026-06-07 02:45:00,92.13,17.81,686.0,0.0,68.7
18,2026-06-07 00:45:00,101.48,9,False,SENS-04,2026-06-07 03:00:00,91.3,17.4,693.0,0.0,69.1
18,2026-06-07 00:45:00,101.48,10,False,SENS-04,2026-06-07 03:15:00,90.22,17.67,771.0,0.0,67.4
19,2026-06-07 01:00:00,100.15,-10,False,SENS-04,2026-06-06 22:30:00,23.07,20.46,679.0,0.0,51.1
19,2026-06-07 01:00:00,100.15,-9,False,SENS-04,2026-06-06 22:45:00,22.91,19.31,659.0,0.0,48.1
19,2026-06-07 01:00:00,100.15,-8,False,SENS-04,2026-06-06 23:00:00,21.97,18.84,732.0,0.0,60.2
19,2026-06-07 01:00:00,100.15,-7,False,SENS-04,2026-06-06 23:15:00,22.21,18.51,656.0,0.0,56.0
19,2026-06-07 01:00:00,100.15,-6,False,SENS-04,2026-06-06 23:30:00,21.75,18.44,732.0,0.0,54.0
19,2026-06-07 01:00:00,100.15,-5,False,SENS-04,2026-06-06 23:45:00,21.95,18.83,691.0,0.0,58.9
19,2026-06-07 01:00:00,100.15,-4,False,SENS-04,2026-06-07 00:00:00,104.93,18.42,629.0,0.0,59.4
19,2026-06-07 01:00:00,100.15,-3,False,SENS-04,2026-06-07 00:15:00,103.45,18.12,760.0,0.0,62.1
19,2026-06-07 01:00:00,100.15,-2,False,SENS-04,2026-06-07 00:30:00,102.88,17.88,565.0,0.0,60.9
19,2026-06-07 01:00:00,100.15,-1,False,SENS-04,2026-06-07 00:45:00,101.48,17.66,697.0,0.0,63.9
19,2026-06-07 01:00:00,100.15,0,True,SENS-04,2026-06-07 01:00:00,100.15,17.61,709.0,0.0,66.8
19,2026-06-07 01:00:00,100.15,1,False,SENS-04,2026-06-07 01:15:00,99.49,18.27,608.0,0.0,61.0
19,2026-06-07 01:00:00,100.15,2,False,SENS-04,2026-06-07 01:30:00,97.84,18.49,718.0,0.0,63.9
19,2026-06-07 01:00:00,100.15,3,False,SENS-04,2026-06-07 01:45:00,96.61,18.43,673.0,0.0,69.4
19,2026-06-07 01:00:00,100.15,4,False,SENS-04,2026-06-07 02:00:00,95.59,17.89,690.0,0.0,66.1
19,2026-06-07 01:00:00,100.15,5,False,SENS-04,2026-06-07 02:15:00,94.53,17.37,754.0,0.0,68.3
19,2026-06-07 01:00:00,100.15,6,False,SENS-04,2026-06-07 02:30:00,93.35,17.26,706.0,0.0,67.9
19,2026-06-07 01:00:00,100.15,7,False,SENS-04,2026-06-07 02:45:00,92.13,17.81,686.0,0.0,68.7
19,2026-06-07 01:00:00,100.15,8,False,SENS-04,2026-06-07 03:00:00,91.3,17.4,693.0,0.0,69.1
19,2026-06-07 01:00:00,100.15,9,False,SENS-04,2026-06-07 03:15:00,90.22,17.67,771.0,0.0,67.4
19,2026-06-07 01:00:00,100.15,10,False,SENS-04,2026-06-07 03:30:00,89.47,18.3,716.0,0.0,73.0
20,2026-06-09 00:00:00,102.03,-10,False,SENS-04,2026-06-08 21:30:00,17.2,20.07,710.0,0.0,47.5
20,2026-06-09 00:00:00,102.03,-9,False,SENS-04,2026-06-08 21:45:00,16.86,20.26,707.0,0.0,48.3
20,2026-06-09 00:00:00,102.03,-8,False,SENS-04,2026-06-08 22:00:00,16.34,20.62,720.0,0.0,55.3
20,2026-06-09 00:00:00,102.03,-7,False,SENS-04,2026-06-08 22:15:00,15.93,19.47,680.0,0.0,57.8
20,2026-06-09 00:00:00,102.03,-6,False,SENS-04,2026-06-08 22:30:00,15.42,19.07,702.0,0.0,51.8
20,2026-06-09 00:00:00,102.03,-5,False,SENS-04,2026-06-08 22:45:00,15.4,19.61,666.0,0.0,58.4
20,2026-06-09 00:00:00,102.03,-4,False,SENS-04,2026-06-08 23:00:00,15.07,18.58,759.0,0.0,58.1
20,2026-06-09 00:00:00,102.03,-3,False,SENS-04,2026-06-08 23:15:00,15.54,19.68,647.0,0.0,59.8
20,2026-06-09 00:00:00,102.03,-2,False,SENS-04,2026-06-08 23:30:00,15.64,19.48,667.0,0.0,57.7
20,2026-06-09 00:00:00,102.03,-1,False,SENS-04,2026-06-08 23:45:00,15.98,19.11,683.0,0.0,56.5
20,2026-06-09 00:00:00,102.03,0,True,SENS-04,2026-06-09 00:00:00,102.03,18.52,796.0,0.0,56.5
20,2026-06-09 00:00:00,102.03,1,False,SENS-04,2026-06-09 00:15:00,100.77,19.03,731.0,0.0,56.9
20,2026-06-09 00:00:00,102.03,2,False,SENS-04,2026-06-09 00:30:00,99.65,18.76,666.0,0.0,67.6
20,2026-06-09 00:00:00,102.03,3,False,SENS-04,2026-06-09 00:45:00,98.11,17.88,733.0,0.0,63.0
20,2026-06-09 00:00:00,102.03,4,False,SENS-04,2026-06-09 01:00:00,96.65,18.54,721.0,0.0,60.6
20,2026-06-09 00:00:00,102.03,5,False,SENS-04,2026-06-09 01:15:00,95.26,17.5,711.0,0.0,68.0
20,2026-06-09 00:00:00,102.03,6,False,SENS-04,2026-06-09 01:30:00,93.93,17.69,728.0,0.0,64.5
20,2026-06-09 00:00:00,102.03,7,False,SENS-04,2026-06-09 01:45:00,93.6,16.97,702.0,0.0,64.9
20,2026-06-09 00:00:00,102.03,8,False,SENS-04,2026-06-09 02:00:00,92.54,17.68,707.0,0.0,73.9
20,2026-06-09 00:00:00,102.03,9,False,SENS-04,2026-06-09 02:15:00,91.38,17.45,638.0,0.0,64.5
20,2026-06-09 00:00:00,102.03,10,False,SENS-04,2026-06-09 02:30:00,89.72,17.35,758.0,0.0,70.0
21,2026-06-09 00:15:00,100.77,-10,False,SENS-04,2026-06-08 21:45:00,16.86,20.26,707.0,0.0,48.3
21,2026-06-09 00:15:00,100.77,-9,False,SENS-04,2026-06-08 22:00:00,16.34,20.62,720.0,0.0,55.3
21,2026-06-09 00:15:00,100.77,-8,False,SENS-04,2026-06-08 22:15:00,15.93,19.47,680.0,0.0,57.8
21,2026-06-09 00:15:00,100.77,-7,False,SENS-04,2026-06-08 22:30:00,15.42,19.07,702.0,0.0,51.8
21,2026-06-09 00:15:00,100.77,-6,False,SENS-04,2026-06-08 22:45:00,15.4,19.61,666.0,0.0,58.4
21,2026-06-09 00:15:00,100.77,-5,False,SENS-04,2026-06-08 23:00:00,15.07,18.58,759.0,0.0,58.1
21,2026-06-09 00:15:00,100.77,-4,False,SENS-04,2026-06-08 23:15:00,15.54,19.68,647.0,0.0,59.8
21,2026-06-09 00:15:00,100.77,-3,False,SENS-04,2026-06-08 23:30:00,15.64,19.48,667.0,0.0,57.7
21,2026-06-09 00:15:00,100.77,-2,False,SENS-04,2026-06-08 23:45:00,15.98,19.11,683.0,0.0,56.5
21,2026-06-09 00:15:00,100.77,-1,False,SENS-04,2026-06-09 00:00:00,102.03,18.52,796.0,0.0,56.5
21,2026-06-09 00:15:00,100.77,0,True,SENS-04,2026-06-09 00:15:00,100.77,19.03,731.0,0.0,56.9
21,2026-06-09 00:15:00,100.77,1,False,SENS-04,2026-06-09 00:30:00,99.65,18.76,666.0,0.0,67.6
21,2026-06-09 00:15:00,100.77,2,False,SENS-04,2026-06-09 00:45:00,98.11,17.88,733.0,0.0,63.0
21,2026-06-09 00:15:00,100.77,3,False,SENS-04,2026-06-09 01:00:00,96.65,18.54,721.0,0.0,60.6
21,2026-06-09 00:15:00,100.77,4,False,SENS-04,2026-06-09 01:15:00,95.26,17.5,711.0,0.0,68.0
21,2026-06-09 00:15:00,100.77,5,False,SENS-04,2026-06-09 01:30:00,93.93,17.69,728.0,0.0,64.5
21,2026-06-09 00:15:00,100.77,6,False,SENS-04,2026-06-09 01:45:00,93.6,16.97,702.0,0.0,64.9
21,2026-06-09 00:15:00,100.77,7,False,SENS-04,2026-06-09 02:00:00,92.54,17.68,707.0,0.0,73.9
21,2026-06-09 00:15:00,100.77,8,False,SENS-04,2026-06-09 02:15:00,91.38,17.45,638.0,0.0,64.5
21,2026-06-09 00:15:00,100.77,9,False,SENS-04,2026-06-09 02:30:00,89.72,17.35,758.0,0.0,70.0
21,2026-06-09 00:15:00,100.77,10,False,SENS-04,2026-06-09 02:45:00,88.1,17.44,682.0,0.0,68.2
22,2026-06-11 00:00:00,103.55,-10,False,SENS-04,2026-06-10 21:30:00,22.66,20.38,713.0,0.0,47.6
22,2026-06-11 00:00:00,103.55,-9,False,SENS-04,2026-06-10 21:45:00,22.4,20.04,759.0,0.0,49.3
22,2026-06-11 00:00:00,103.55,-8,False,SENS-04,2026-06-10 22:00:00,21.85,19.84,682.0,0.0,49.2
22,2026-06-11 00:00:00,103.55,-7,False,SENS-04,2026-06-10 22:15:00,21.76,20.38,647.0,0.0,53.3
22,2026-06-11 00:00:00,103.55,-6,False,SENS-04,2026-06-10 22:30:00,22.19,19.52,683.0,0.0,55.4
22,2026-06-11 00:00:00,103.55,-5,False,SENS-04,2026-06-10 22:45:00,21.8,19.91,643.0,0.0,54.9
22,2026-06-11 00:00:00,103.55,-4,False,SENS-04,2026-06-10 23:00:00,21.71,19.3,753.0,0.0,54.3
22,2026-06-11 00:00:00,103.55,-3,False,SENS-04,2026-06-10 23:15:00,20.9,18.6,703.0,0.0,51.7
22,2026-06-11 00:00:00,103.55,-2,False,SENS-04,2026-06-10 23:30:00,20.65,18.95,671.0,0.0,57.2
22,2026-06-11 00:00:00,103.55,-1,False,SENS-04,2026-06-10 23:45:00,20.99,18.22,678.0,0.0,57.9
22,2026-06-11 00:00:00,103.55,0,True,SENS-04,2026-06-11 00:00:00,103.55,18.77,653.0,0.0,60.4
22,2026-06-11 00:00:00,103.55,1,False,SENS-04,2026-06-11 00:15:00,101.9,18.29,740.0,0.0,61.1
22,2026-06-11 00:00:00,103.55,2,False,SENS-04,2026-06-11 00:30:00,100.34,18.57,773.0,0.0,66.6
22,2026-06-11 00:00:00,103.55,3,False,SENS-04,2026-06-11 00:45:00,99.35,18.66,640.0,0.0,60.9
22,2026-06-11 00:00:00,103.55,4,False,SENS-04,2026-06-11 01:00:00,98.23,17.27,742.0,0.0,59.3
22,2026-06-11 00:00:00,103.55,5,False,SENS-04,2026-06-11 01:15:00,97.2,17.68,690.0,0.0,61.6
22,2026-06-11 00:00:00,103.55,6,False,SENS-04,2026-06-11 01:30:00,95.97,17.28,751.0,0.0,64.1
22,2026-06-11 00:00:00,103.55,7,False,SENS-04,2026-06-11 01:45:00,94.49,18.55,627.0,0.0,70.1
22,2026-06-11 00:00:00,103.55,8,False,SENS-04,2026-06-11 02:00:00,92.98,17.44,709.0,0.0,63.8
22,2026-06-11 00:00:00,103.55,9,False,SENS-04,2026-06-11 02:15:00,91.98,17.04,684.0,0.0,65.0
22,2026-06-11 00:00:00,103.55,10,False,SENS-04,2026-06-11 02:30:00,91.45,18.43,726.0,0.0,70.5
23,2026-06-11 00:15:00,101.9,-10,False,SENS-04,2026-06-10 21:45:00,22.4,20.04,759.0,0.0,49.3
23,2026-06-11 00:15:00,101.9,-9,False,SENS-04,2026-06-10 22:00:00,21.85,19.84,682.0,0.0,49.2
23,2026-06-11 00:15:00,101.9,-8,False,SENS-04,2026-06-10 22:15:00,21.76,20.38,647.0,0.0,53.3
23,2026-06-11 00:15:00,101.9,-7,False,SENS-04,2026-06-10 22:30:00,22.19,19.52,683.0,0.0,55.4
23,2026-06-11 00:15:00,101.9,-6,False,SENS-04,2026-06-10 22:45:00,21.8,19.91,643.0,0.0,54.9
23,2026-06-11 00:15:00,101.9,-5,False,SENS-04,2026-06-10 23:00:00,21.71,19.3,753.0,0.0,54.3
23,2026-06-11 00:15:00,101.9,-4,False,SENS-04,2026-06-10 23:15:00,20.9,18.6,703.0,0.0,51.7
23,2026-06-11 00:15:00,101.9,-3,False,SENS-04,2026-06-10 23:30:00,20.65,18.95,671.0,0.0,57.2
23,2026-06-11 00:15:00,101.9,-2,False,SENS-04,2026-06-10 23:45:00,20.99,18.22,678.0,0.0,57.9
23,2026-06-11 00:15:00,101.9,-1,False,SENS-04,2026-06-11 00:00:00,103.55,18.77,653.0,0.0,60.4
23,2026-06-11 00:15:00,101.9,0,True,SENS-04,2026-06-11 00:15:00,101.9,18.29,740.0,0.0,61.1
23,2026-06-11 00:15:00,101.9,1,False,SENS-04,2026-06-11 00:30:00,100.34,18.57,773.0,0.0,66.6
23,2026-06-11 00:15:00,101.9,2,False,SENS-04,2026-06-11 00:45:00,99.35,18.66,640.0,0.0,60.9
23,2026-06-11 00:15:00,101.9,3,False,SENS-04,2026-06-11 01:00:00,98.23,17.27,742.0,0.0,59.3
23,2026-06-11 00:15:00,101.9,4,False,SENS-04,2026-06-11 01:15:00,97.2,17.68,690.0,0.0,61.6
23,2026-06-11 00:15:00,101.9,5,False,SENS-04,2026-06-11 01:30:00,95.97,17.28,751.0,0.0,64.1
23,2026-06-11 00:15:00,101.9,6,False,SENS-04,2026-06-11 01:45:00,94.49,18.55,627.0,0.0,70.1
23,2026-06-11 00:15:00,101.9,7,False,SENS-04,2026-06-11 02:00:00,92.98,17.44,709.0,0.0,63.8
23,2026-06-11 00:15:00,101.9,8,False,SENS-04,2026-06-11 02:15:00,91.98,17.04,684.0,0.0,65.0
23,2026-06-11 00:15:00,101.9,9,False,SENS-04,2026-06-11 02:30:00,91.45,18.43,726.0,0.0,70.5
23,2026-06-11 00:15:00,101.9,10,False,SENS-04,2026-06-11 02:45:00,89.92,17.22,702.0,0.0,72.5
24,2026-06-11 00:30:00,100.34,-10,False,SENS-04,2026-06-10 22:00:00,21.85,19.84,682.0,0.0,49.2
24,2026-06-11 00:30:00,100.34,-9,False,SENS-04,2026-06-10 22:15:00,21.76,20.38,647.0,0.0,53.3
24,2026-06-11 00:30:00,100.34,-8,False,SENS-04,2026-06-10 22:30:00,22.19,19.52,683.0,0.0,55.4
24,2026-06-11 00:30:00,100.34,-7,False,SENS-04,2026-06-10 22:45:00,21.8,19.91,643.0,0.0,54.9
24,2026-06-11 00:30:00,100.34,-6,False,SENS-04,2026-06-10 23:00:00,21.71,19.3,753.0,0.0,54.3
24,2026-06-11 00:30:00,100.34,-5,False,SENS-04,2026-06-10 23:15:00,20.9,18.6,703.0,0.0,51.7
24,2026-06-11 00:30:00,100.34,-4,False,SENS-04,2026-06-10 23:30:00,20.65,18.95,671.0,0.0,57.2
24,2026-06-11 00:30:00,100.34,-3,False,SENS-04,2026-06-10 23:45:00,20.99,18.22,678.0,0.0,57.9
24,2026-06-11 00:30:00,100.34,-2,False,SENS-04,2026-06-11 00:00:00,103.55,18.77,653.0,0.0,60.4
24,2026-06-11 00:30:00,100.34,-1,False,SENS-04,2026-06-11 00:15:00,101.9,18.29,740.0,0.0,61.1
24,2026-06-11 00:30:00,100.34,0,True,SENS-04,2026-06-11 00:30:00,100.34,18.57,773.0,0.0,66.6
24,2026-06-11 00:30:00,100.34,1,False,SENS-04,2026-06-11 00:45:00,99.35,18.66,640.0,0.0,60.9
24,2026-06-11 00:30:00,100.34,2,False,SENS-04,2026-06-11 01:00:00,98.23,17.27,742.0,0.0,59.3
24,2026-06-11 00:30:00,100.34,3,False,SENS-04,2026-06-11 01:15:00,97.2,17.68,690.0,0.0,61.6
24,2026-06-11 00:30:00,100.34,4,False,SENS-04,2026-06-11 01:30:00,95.97,17.28,751.0,0.0,64.1
24,2026-06-11 00:30:00,100.34,5,False,SENS-04,2026-06-11 01:45:00,94.49,18.55,627.0,0.0,70.1
24,2026-06-11 00:30:00,100.34,6,False,SENS-04,2026-06-11 02:00:00,92.98,17.44,709.0,0.0,63.8
24,2026-06-11 00:30:00,100.34,7,False,SENS-04,2026-06-11 02:15:00,91.98,17.04,684.0,0.0,65.0
24,2026-06-11 00:30:00,100.34,8,False,SENS-04,2026-06-11 02:30:00,91.45,18.43,726.0,0.0,70.5
24,2026-06-11 00:30:00,100.34,9,False,SENS-04,2026-06-11 02:45:00,89.92,17.22,702.0,0.0,72.5
24,2026-06-11 00:30:00,100.34,10,False,SENS-04,2026-06-11 03:00:00,88.38,16.85,701.0,0.0,65.9
25,2026-06-13 00:00:00,106.72,-10,False,SENS-04,2026-06-12 21:30:00,23.44,20.04,680.0,0.0,47.5
25,2026-06-13 00:00:00,106.72,-9,False,SENS-04,2026-06-12 21:45:00,23.62,20.03,758.0,0.0,53.5
25,2026-06-13 00:00:00,106.72,-8,False,SENS-04,2026-06-12 22:00:00,24.02,20.05,746.0,0.0,46.2
25,2026-06-13 00:00:00,106.72,-7,False,SENS-04,2026-06-12 22:15:00,24.07,20.09,691.0,0.0,46.3
25,2026-06-13 00:00:00,106.72,-6,False,SENS-04,2026-06-12 22:30:00,23.28,19.92,661.0,0.0,55.1
25,2026-06-13 00:00:00,106.72,-5,False,SENS-04,2026-06-12 22:45:00,23.25,19.58,699.0,0.0,52.4
25,2026-06-13 00:00:00,106.72,-4,False,SENS-04,2026-06-12 23:00:00,22.95,19.57,695.0,0.0,54.2
25,2026-06-13 00:00:00,106.72,-3,False,SENS-04,2026-06-12 23:15:00,22.93,18.66,697.0,0.0,53.1
25,2026-06-13 00:00:00,106.72,-2,False,SENS-04,2026-06-12 23:30:00,23.61,19.06,684.0,0.0,54.1
25,2026-06-13 00:00:00,106.72,-1,False,SENS-04,2026-06-12 23:45:00,23.83,18.7,658.0,0.0,60.4
25,2026-06-13 00:00:00,106.72,0,True,SENS-04,2026-06-13 00:00:00,106.72,18.58,701.0,0.0,59.6
25,2026-06-13 00:00:00,106.72,1,False,SENS-04,2026-06-13 00:15:00,105.5,18.22,686.0,0.0,57.6
25,2026-06-13 00:00:00,106.72,2,False,SENS-04,2026-06-13 00:30:00,103.83,17.84,690.0,0.0,64.3
25,2026-06-13 00:00:00,106.72,3,False,SENS-04,2026-06-13 00:45:00,102.71,17.6,704.0,0.0,66.5
25,2026-06-13 00:00:00,106.72,4,False,SENS-04,2026-06-13 01:00:00,101.3,18.1,697.0,0.0,63.7
25,2026-06-13 00:00:00,106.72,5,False,SENS-04,2026-06-13 01:15:00,99.67,18.06,703.0,0.0,68.0
25,2026-06-13 00:00:00,106.72,6,False,SENS-04,2026-06-13 01:30:00,98.71,17.71,684.0,0.0,63.0
25,2026-06-13 00:00:00,106.72,7,False,SENS-04,2026-06-13 01:45:00,96.55,17.68,714.0,0.0,68.6
25,2026-06-13 00:00:00,106.72,8,False,SENS-04,2026-06-13 02:00:00,95.1,17.33,671.0,0.0,68.2
25,2026-06-13 00:00:00,106.72,9,False,SENS-04,2026-06-13 02:15:00,94.14,17.77,656.0,0.0,66.2
25,2026-06-13 00:00:00,106.72,10,False,SENS-04,2026-06-13 02:30:00,93.43,17.55,664.0,0.0,75.4
26,2026-06-13 00:15:00,105.5,-10,False,SENS-04,2026-06-12 21:45:00,23.62,20.03,758.0,0.0,53.5
26,2026-06-13 00:15:00,105.5,-9,False,SENS-04,2026-06-12 22:00:00,24.02,20.05,746.0,0.0,46.2
26,2026-06-13 00:15:00,105.5,-8,False,SENS-04,2026-06-12 22:15:00,24.07,20.09,691.0,0.0,46.3
26,2026-06-13 00:15:00,105.5,-7,False,SENS-04,2026-06-12 22:30:00,23.28,19.92,661.0,0.0,55.1
26,2026-06-13 00:15:00,105.5,-6,False,SENS-04,2026-06-12 22:45:00,23.25,19.58,699.0,0.0,52.4
26,2026-06-13 00:15:00,105.5,-5,False,SENS-04,2026-06-12 23:00:00,22.95,19.57,695.0,0.0,54.2
26,2026-06-13 00:15:00,105.5,-4,False,SENS-04,2026-06-12 23:15:00,22.93,18.66,697.0,0.0,53.1
26,2026-06-13 00:15:00,105.5,-3,False,SENS-04,2026-06-12 23:30:00,23.61,19.06,684.0,0.0,54.1
26,2026-06-13 00:15:00,105.5,-2,False,SENS-04,2026-06-12 23:45:00,23.83,18.7,658.0,0.0,60.4
26,2026-06-13 00:15:00,105.5,-1,False,SENS-04,2026-06-13 00:00:00,106.72,18.58,701.0,0.0,59.6
26,2026-06-13 00:15:00,105.5,0,True,SENS-04,2026-06-13 00:15:00,105.5,18.22,686.0,0.0,57.6
26,2026-06-13 00:15:00,105.5,1,False,SENS-04,2026-06-13 00:30:00,103.83,17.84,690.0,0.0,64.3
26,2026-06-13 00:15:00,105.5,2,False,SENS-04,2026-06-13 00:45:00,102.71,17.6,704.0,0.0,66.5
26,2026-06-13 00:15:00,105.5,3,False,SENS-04,2026-06-13 01:00:00,101.3,18.1,697.0,0.0,63.7
26,2026-06-13 00:15:00,105.5,4,False,SENS-04,2026-06-13 01:15:00,99.67,18.06,703.0,0.0,68.0
26,2026-06-13 00:15:00,105.5,5,False,SENS-04,2026-06-13 01:30:00,98.71,17.71,684.0,0.0,63.0
26,2026-06-13 00:15:00,105.5,6,False,SENS-04,2026-06-13 01:45:00,96.55,17.68,714.0,0.0,68.6
26,2026-06-13 00:15:00,105.5,7,False,SENS-04,2026-06-13 02:00:00,95.1,17.33,671.0,0.0,68.2
26,2026-06-13 00:15:00,105.5,8,False,SENS-04,2026-06-13 02:15:00,94.14,17.77,656.0,0.0,66.2
26,2026-06-13 00:15:00,105.5,9,False,SENS-04,2026-06-13 02:30:00,93.43,17.55,664.0,0.0,75.4
26,2026-06-13 00:15:00,105.5,10,False,SENS-04,2026-06-13 02:45:00,92.43,17.36,673.0,0.0,70.7
27,2026-06-13 00:30:00,103.83,-10,False,SENS-04,2026-06-12 22:00:00,24.02,20.05,746.0,0.0,46.2
27,2026-06-13 00:30:00,103.83,-9,False,SENS-04,2026-06-12 22:15:00,24.07,20.09,691.0,0.0,46.3
27,2026-06-13 00:30:00,103.83,-8,False,SENS-04,2026-06-12 22:30:00,23.28,19.92,661.0,0.0,55.1
27,2026-06-13 00:30:00,103.83,-7,False,SENS-04,2026-06-12 22:45:00,23.25,19.58,699.0,0.0,52.4
27,2026-06-13 00:30:00,103.83,-6,False,SENS-04,2026-06-12 23:00:00,22.95,19.57,695.0,0.0,54.2
27,2026-06-13 00:30:00,103.83,-5,False,SENS-04,2026-06-12 23:15:00,22.93,18.66,697.0,0.0,53.1
27,2026-06-13 00:30:00,103.83,-4,False,SENS-04,2026-06-12 23:30:00,23.61,19.06,684.0,0.0,54.1
27,2026-06-13 00:30:00,103.83,-3,False,SENS-04,2026-06-12 23:45:00,23.83,18.7,658.0,0.0,60.4
27,2026-06-13 00:30:00,103.83,-2,False,SENS-04,2026-06-13 00:00:00,106.72,18.58,701.0,0.0,59.6
27,2026-06-13 00:30:00,103.83,-1,False,SENS-04,2026-06-13 00:15:00,105.5,18.22,686.0,0.0,57.6
27,2026-06-13 00:30:00,103.83,0,True,SENS-04,2026-06-13 00:30:00,103.83,17.84,690.0,0.0,64.3
27,2026-06-13 00:30:00,103.83,1,False,SENS-04,2026-06-13 00:45:00,102.71,17.6,704.0,0.0,66.5
27,2026-06-13 00:30:00,103.83,2,False,SENS-04,2026-06-13 01:00:00,101.3,18.1,697.0,0.0,63.7
27,2026-06-13 00:30:00,103.83,3,False,SENS-04,2026-06-13 01:15:00,99.67,18.06,703.0,0.0,68.0
27,2026-06-13 00:30:00,103.83,4,False,SENS-04,2026-06-13 01:30:00,98.71,17.71,684.0,0.0,63.0
27,2026-06-13 00:30:00,103.83,5,False,SENS-04,2026-06-13 01:45:00,96.55,17.68,714.0,0.0,68.6
27,2026-06-13 00:30:00,103.83,6,False,SENS-04,2026-06-13 02:00:00,95.1,17.33,671.0,0.0,68.2
27,2026-06-13 00:30:00,103.83,7,False,SENS-04,2026-06-13 02:15:00,94.14,17.77,656.0,0.0,66.2
27,2026-06-13 00:30:00,103.83,8,False,SENS-04,2026-06-13 02:30:00,93.43,17.55,664.0,0.0,75.4
27,2026-06-13 00:30:00,103.83,9,False,SENS-04,2026-06-13 02:45:00,92.43,17.36,673.0,0.0,70.7
27,2026-06-13 00:30:00,103.83,10,False,SENS-04,2026-06-13 03:00:00,91.0,17.85,648.0,0.0,68.8
28,2026-06-13 00:45:00,102.71,-10,False,SENS-04,2026-06-12 22:15:00,24.07,20.09,691.0,0.0,46.3
28,2026-06-13 00:45:00,102.71,-9,False,SENS-04,2026-06-12 22:30:00,23.28,19.92,661.0,0.0,55.1
28,2026-06-13 00:45:00,102.71,-8,False,SENS-04,2026-06-12 22:45:00,23.25,19.58,699.0,0.0,52.4
28,2026-06-13 00:45:00,102.71,-7,False,SENS-04,2026-06-12 23:00:00,22.95,19.57,695.0,0.0,54.2
28,2026-06-13 00:45:00,102.71,-6,False,SENS-04,2026-06-12 23:15:00,22.93,18.66,697.0,0.0,53.1
28,2026-06-13 00:45:00,102.71,-5,False,SENS-04,2026-06-12 23:30:00,23.61,19.06,684.0,0.0,54.1
28,2026-06-13 00:45:00,102.71,-4,False,SENS-04,2026-06-12 23:45:00,23.83,18.7,658.0,0.0,60.4
28,2026-06-13 00:45:00,102.71,-3,False,SENS-04,2026-06-13 00:00:00,106.72,18.58,701.0,0.0,59.6
28,2026-06-13 00:45:00,102.71,-2,False,SENS-04,2026-06-13 00:15:00,105.5,18.22,686.0,0.0,57.6
28,2026-06-13 00:45:00,102.71,-1,False,SENS-04,2026-06-13 00:30:00,103.83,17.84,690.0,0.0,64.3
28,2026-06-13 00:45:00,102.71,0,True,SENS-04,2026-06-13 00:45:00,102.71,17.6,704.0,0.0,66.5
28,2026-06-13 00:45:00,102.71,1,False,SENS-04,2026-06-13 01:00:00,101.3,18.1,697.0,0.0,63.7
28,2026-06-13 00:45:00,102.71,2,False,SENS-04,2026-06-13 01:15:00,99.67,18.06,703.0,0.0,68.0
28,2026-06-13 00:45:00,102.71,3,False,SENS-04,2026-06-13 01:30:00,98.71,17.71,684.0,0.0,63.0
28,2026-06-13 00:45:00,102.71,4,False,SENS-04,2026-06-13 01:45:00,96.55,17.68,714.0,0.0,68.6
28,2026-06-13 00:45:00,102.71,5,False,SENS-04,2026-06-13 02:00:00,95.1,17.33,671.0,0.0,68.2
28,2026-06-13 00:45:00,102.71,6,False,SENS-04,2026-06-13 02:15:00,94.14,17.77,656.0,0.0,66.2
28,2026-06-13 00:45:00,102.71,7,False,SENS-04,2026-06-13 02:30:00,93.43,17.55,664.0,0.0,75.4
28,2026-06-13 00:45:00,102.71,8,False,SENS-04,2026-06-13 02:45:00,92.43,17.36,673.0,0.0,70.7
28,2026-06-13 00:45:00,102.71,9,False,SENS-04,2026-06-13 03:00:00,91.0,17.85,648.0,0.0,68.8
28,2026-06-13 00:45:00,102.71,10,False,SENS-04,2026-06-13 03:15:00,89.83,17.77,632.0,0.0,71.2
29,2026-06-13 01:00:00,101.3,-10,False,SENS-04,2026-06-12 22:30:00,23.28,19.92,661.0,0.0,55.1
29,2026-06-13 01:00:00,101.3,-9,False,SENS-04,2026-06-12 22:45:00,23.25,19.58,699.0,0.0,52.4
29,2026-06-13 01:00:00,101.3,-8,False,SENS-04,2026-06-12 23:00:00,22.95,19.57,695.0,0.0,54.2
29,2026-06-13 01:00:00,101.3,-7,False,SENS-04,2026-06-12 23:15:00,22.93,18.66,697.0,0.0,53.1
29,2026-06-13 01:00:00,101.3,-6,False,SENS-04,2026-06-12 23:30:00,23.61,19.06,684.0,0.0,54.1
29,2026-06-13 01:00:00,101.3,-5,False,SENS-04,2026-06-12 23:45:00,23.83,18.7,658.0,0.0,60.4
29,2026-06-13 01:00:00,101.3,-4,False,SENS-04,2026-06-13 00:00:00,106.72,18.58,701.0,0.0,59.6
29,2026-06-13 01:00:00,101.3,-3,False,SENS-04,2026-06-13 00:15:00,105.5,18.22,686.0,0.0,57.6
29,2026-06-13 01:00:00,101.3,-2,False,SENS-04,2026-06-13 00:30:00,103.83,17.84,690.0,0.0,64.3
29,2026-06-13 01:00:00,101.3,-1,False,SENS-04,2026-06-13 00:45:00,102.71,17.6,704.0,0.0,66.5
29,2026-06-13 01:00:00,101.3,0,True,SENS-04,2026-06-13 01:00:00,101.3,18.1,697.0,0.0,63.7
29,2026-06-13 01:00:00,101.3,1,False,SENS-04,2026-06-13 01:15:00,99.67,18.06,703.0,0.0,68.0
29,2026-06-13 01:00:00,101.3,2,False,SENS-04,2026-06-13 01:30:00,98.71,17.71,684.0,0.0,63.0
29,2026-06-13 01:00:00,101.3,3,False,SENS-04,2026-06-13 01:45:00,96.55,17.68,714.0,0.0,68.6
29,2026-06-13 01:00:00,101.3,4,False,SENS-04,2026-06-13 02:00:00,95.1,17.33,671.0,0.0,68.2
29,2026-06-13 01:00:00,101.3,5,False,SENS-04,2026-06-13 02:15:00,94.14,17.77,656.0,0.0,66.2
29,2026-06-13 01:00:00,101.3,6,False,SENS-04,2026-06-13 02:30:00,93.43,17.55,664.0,0.0,75.4
29,2026-06-13 01:00:00,101.3,7,False,SENS-04,2026-06-13 02:45:00,92.43,17.36,673.0,0.0,70.7
29,2026-06-13 01:00:00,101.3,8,False,SENS-04,2026-06-13 03:00:00,91.0,17.85,648.0,0.0,68.8
29,2026-06-13 01:00:00,101.3,9,False,SENS-04,2026-06-13 03:15:00,89.83,17.77,632.0,0.0,71.2
29,2026-06-13 01:00:00,101.3,10,False,SENS-04,2026-06-13 03:30:00,88.82,16.92,720.0,0.0,69.0
30,2026-06-15 00:00:00,106.82,-10,False,SENS-04,2026-06-14 21:30:00,19.82,20.45,702.0,0.0,48.6
30,2026-06-15 00:00:00,106.82,-9,False,SENS-04,2026-06-14 21:45:00,19.41,19.79,755.0,0.0,46.4
30,2026-06-15 00:00:00,106.82,-8,False,SENS-04,2026-06-14 22:00:00,20.17,19.59,737.0,0.0,47.1
30,2026-06-15 00:00:00,106.82,-7,False,SENS-04,2026-06-14 22:15:00,21.07,19.36,767.0,0.0,55.1
30,2026-06-15 00:00:00,106.82,-6,False,SENS-04,2026-06-14 22:30:00,21.75,20.33,715.0,0.0,49.6
30,2026-06-15 00:00:00,106.82,-5,False,SENS-04,2026-06-14 22:45:00,21.73,19.61,619.0,0.0,53.8
30,2026-06-15 00:00:00,106.82,-4,False,SENS-04,2026-06-14 23:00:00,21.79,19.49,752.0,0.0,50.1
30,2026-06-15 00:00:00,106.82,-3,False,SENS-04,2026-06-14 23:15:00,22.31,19.06,725.0,0.0,56.4
30,2026-06-15 00:00:00,106.82,-2,False,SENS-04,2026-06-14 23:30:00,22.13,19.07,759.0,0.0,60.9
30,2026-06-15 00:00:00,106.82,-1,False,SENS-04,2026-06-14 23:45:00,22.27,19.16,639.0,0.0,62.2
30,2026-06-15 00:00:00,106.82,0,True,SENS-04,2026-06-15 00:00:00,106.82,18.69,651.0,0.0,62.8
30,2026-06-15 00:00:00,106.82,1,False,SENS-04,2026-06-15 00:15:00,106.0,19.02,701.0,0.0,60.6
30,2026-06-15 00:00:00,106.82,2,False,SENS-04,2026-06-15 00:30:00,104.57,18.21,753.0,0.0,65.2
30,2026-06-15 00:00:00,106.82,3,False,SENS-04,2026-06-15 00:45:00,103.82,18.33,764.0,0.0,64.3
30,2026-06-15 00:00:00,106.82,4,False,SENS-04,2026-06-15 01:00:00,102.47,18.25,671.0,0.0,62.7
30,2026-06-15 00:00:00,106.82,5,False,SENS-04,2026-06-15 01:15:00,100.93,17.49,684.0,0.0,66.1
30,2026-06-15 00:00:00,106.82,6,False,SENS-04,2026-06-15 01:30:00,99.51,17.78,815.0,0.0,68.6
30,2026-06-15 00:00:00,106.82,7,False,SENS-04,2026-06-15 01:45:00,98.29,16.95,678.0,0.0,62.9
30,2026-06-15 00:00:00,106.82,8,False,SENS-04,2026-06-15 02:00:00,96.72,17.57,727.0,0.0,64.5
30,2026-06-15 00:00:00,106.82,9,False,SENS-04,2026-06-15 02:15:00,95.28,17.46,682.0,0.0,68.1
30,2026-06-15 00:00:00,106.82,10,False,SENS-04,2026-06-15 02:30:00,93.48,17.39,719.0,0.0,65.6
31,2026-06-15 00:15:00,106.0,-10,False,SENS-04,2026-06-14 21:45:00,19.41,19.79,755.0,0.0,46.4
31,2026-06-15 00:15:00,106.0,-9,False,SENS-04,2026-06-14 22:00:00,20.17,19.59,737.0,0.0,47.1
31,2026-06-15 00:15:00,106.0,-8,False,SENS-04,2026-06-14 22:15:00,21.07,19.36,767.0,0.0,55.1
31,2026-06-15 00:15:00,106.0,-7,False,SENS-04,2026-06-14 22:30:00,21.75,20.33,715.0,0.0,49.6
31,2026-06-15 00:15:00,106.0,-6,False,SENS-04,2026-06-14 22:45:00,21.73,19.61,619.0,0.0,53.8
31,2026-06-15 00:15:00,106.0,-5,False,SENS-04,2026-06-14 23:00:00,21.79,19.49,752.0,0.0,50.1
31,2026-06-15 00:15:00,106.0,-4,False,SENS-04,2026-06-14 23:15:00,22.31,19.06,725.0,0.0,56.4
31,2026-06-15 00:15:00,106.0,-3,False,SENS-04,2026-06-14 23:30:00,22.13,19.07,759.0,0.0,60.9
31,2026-06-15 00:15:00,106.0,-2,False,SENS-04,2026-06-14 23:45:00,22.27,19.16,639.0,0.0,62.2
31,2026-06-15 00:15:00,106.0,-1,False,SENS-04,2026-06-15 00:00:00,106.82,18.69,651.0,0.0,62.8
31,2026-06-15 00:15:00,106.0,0,True,SENS-04,2026-06-15 00:15:00,106.0,19.02,701.0,0.0,60.6
31,2026-06-15 00:15:00,106.0,1,False,SENS-04,2026-06-15 00:30:00,104.57,18.21,753.0,0.0,65.2
31,2026-06-15 00:15:00,106.0,2,False,SENS-04,2026-06-15 00:45:00,103.82,18.33,764.0,0.0,64.3
31,2026-06-15 00:15:00,106.0,3,False,SENS-04,2026-06-15 01:00:00,102.47,18.25,671.0,0.0,62.7
31,2026-06-15 00:15:00,106.0,4,False,SENS-04,2026-06-15 01:15:00,100.93,17.49,684.0,0.0,66.1
31,2026-06-15 00:15:00,106.0,5,False,SENS-04,2026-06-15 01:30:00,99.51,17.78,815.0,0.0,68.6
31,2026-06-15 00:15:00,106.0,6,False,SENS-04,2026-06-15 01:45:00,98.29,16.95,678.0,0.0,62.9
31,2026-06-15 00:15:00,106.0,7,False,SENS-04,2026-06-15 02:00:00,96.72,17.57,727.0,0.0,64.5
31,2026-06-15 00:15:00,106.0,8,False,SENS-04,2026-06-15 02:15:00,95.28,17.46,682.0,0.0,68.1
31,2026-06-15 00:15:00,106.0,9,False,SENS-04,2026-06-15 02:30:00,93.48,17.39,719.0,0.0,65.6
31,2026-06-15 00:15:00,106.0,10,False,SENS-04,2026-06-15 02:45:00,91.97,17.34,665.0,0.0,66.3
32,2026-06-15 00:30:00,104.57,-10,False,SENS-04,2026-06-14 22:00:00,20.17,19.59,737.0,0.0,47.1
32,2026-06-15 00:30:00,104.57,-9,False,SENS-04,2026-06-14 22:15:00,21.07,19.36,767.0,0.0,55.1
32,2026-06-15 00:30:00,104.57,-8,False,SENS-04,2026-06-14 22:30:00,21.75,20.33,715.0,0.0,49.6
32,2026-06-15 00:30:00,104.57,-7,False,SENS-04,2026-06-14 22:45:00,21.73,19.61,619.0,0.0,53.8
32,2026-06-15 00:30:00,104.57,-6,False,SENS-04,2026-06-14 23:00:00,21.79,19.49,752.0,0.0,50.1
32,2026-06-15 00:30:00,104.57,-5,False,SENS-04,2026-06-14 23:15:00,22.31,19.06,725.0,0.0,56.4
32,2026-06-15 00:30:00,104.57,-4,False,SENS-04,2026-06-14 23:30:00,22.13,19.07,759.0,0.0,60.9
32,2026-06-15 00:30:00,104.57,-3,False,SENS-04,2026-06-14 23:45:00,22.27,19.16,639.0,0.0,62.2
32,2026-06-15 00:30:00,104.57,-2,False,SENS-04,2026-06-15 00:00:00,106.82,18.69,651.0,0.0,62.8
32,2026-06-15 00:30:00,104.57,-1,False,SENS-04,2026-06-15 00:15:00,106.0,19.02,701.0,0.0,60.6
32,2026-06-15 00:30:00,104.57,0,True,SENS-04,2026-06-15 00:30:00,104.57,18.21,753.0,0.0,65.2
32,2026-06-15 00:30:00,104.57,1,False,SENS-04,2026-06-15 00:45:00,103.82,18.33,764.0,0.0,64.3
32,2026-06-15 00:30:00,104.57,2,False,SENS-04,2026-06-15 01:00:00,102.47,18.25,671.0,0.0,62.7
32,2026-06-15 00:30:00,104.57,3,False,SENS-04,2026-06-15 01:15:00,100.93,17.49,684.0,0.0,66.1
32,2026-06-15 00:30:00,104.57,4,False,SENS-04,2026-06-15 01:30:00,99.51,17.78,815.0,0.0,68.6
32,2026-06-15 00:30:00,104.57,5,False,SENS-04,2026-06-15 01:45:00,98.29,16.95,678.0,0.0,62.9
32,2026-06-15 00:30:00,104.57,6,False,SENS-04,2026-06-15 02:00:00,96.72,17.57,727.0,0.0,64.5
32,2026-06-15 00:30:00,104.57,7,False,SENS-04,2026-06-15 02:15:00,95.28,17.46,682.0,0.0,68.1
32,2026-06-15 00:30:00,104.57,8,False,SENS-04,2026-06-15 02:30:00,93.48,17.39,719.0,0.0,65.6
32,2026-06-15 00:30:00,104.57,9,False,SENS-04,2026-06-15 02:45:00,91.97,17.34,665.0,0.0,66.3
32,2026-06-15 00:30:00,104.57,10,False,SENS-04,2026-06-15 03:00:00,90.9,17.7,666.0,0.0,69.3
33,2026-06-15 00:45:00,103.82,-10,False,SENS-04,2026-06-14 22:15:00,21.07,19.36,767.0,0.0,55.1
33,2026-06-15 00:45:00,103.82,-9,False,SENS-04,2026-06-14 22:30:00,21.75,20.33,715.0,0.0,49.6
33,2026-06-15 00:45:00,103.82,-8,False,SENS-04,2026-06-14 22:45:00,21.73,19.61,619.0,0.0,53.8
33,2026-06-15 00:45:00,103.82,-7,False,SENS-04,2026-06-14 23:00:00,21.79,19.49,752.0,0.0,50.1
33,2026-06-15 00:45:00,103.82,-6,False,SENS-04,2026-06-14 23:15:00,22.31,19.06,725.0,0.0,56.4
33,2026-06-15 00:45:00,103.82,-5,False,SENS-04,2026-06-14 23:30:00,22.13,19.07,759.0,0.0,60.9
33,2026-06-15 00:45:00,103.82,-4,False,SENS-04,2026-06-14 23:45:00,22.27,19.16,639.0,0.0,62.2
33,2026-06-15 00:45:00,103.82,-3,False,SENS-04,2026-06-15 00:00:00,106.82,18.69,651.0,0.0,62.8
33,2026-06-15 00:45:00,103.82,-2,False,SENS-04,2026-06-15 00:15:00,106.0,19.02,701.0,0.0,60.6
33,2026-06-15 00:45:00,103.82,-1,False,SENS-04,2026-06-15 00:30:00,104.57,18.21,753.0,0.0,65.2
33,2026-06-15 00:45:00,103.82,0,True,SENS-04,2026-06-15 00:45:00,103.82,18.33,764.0,0.0,64.3
33,2026-06-15 00:45:00,103.82,1,False,SENS-04,2026-06-15 01:00:00,102.47,18.25,671.0,0.0,62.7
33,2026-06-15 00:45:00,103.82,2,False,SENS-04,2026-06-15 01:15:00,100.93,17.49,684.0,0.0,66.1
33,2026-06-15 00:45:00,103.82,3,False,SENS-04,2026-06-15 01:30:00,99.51,17.78,815.0,0.0,68.6
33,2026-06-15 00:45:00,103.82,4,False,SENS-04,2026-06-15 01:45:00,98.29,16.95,678.0,0.0,62.9
33,2026-06-15 00:45:00,103.82,5,False,SENS-04,2026-06-15 02:00:00,96.72,17.57,727.0,0.0,64.5
33,2026-06-15 00:45:00,103.82,6,False,SENS-04,2026-06-15 02:15:00,95.28,17.46,682.0,0.0,68.1
33,2026-06-15 00:45:00,103.82,7,False,SENS-04,2026-06-15 02:30:00,93.48,17.39,719.0,0.0,65.6
33,2026-06-15 00:45:00,103.82,8,False,SENS-04,2026-06-15 02:45:00,91.97,17.34,665.0,0.0,66.3
33,2026-06-15 00:45:00,103.82,9,False,SENS-04,2026-06-15 03:00:00,90.9,17.7,666.0,0.0,69.3
33,2026-06-15 00:45:00,103.82,10,False,SENS-04,2026-06-15 03:15:00,90.17,17.15,685.0,0.0,74.1
34,2026-06-15 01:00:00,102.47,-10,False,SENS-04,2026-06-14 22:30:00,21.75,20.33,715.0,0.0,49.6
34,2026-06-15 01:00:00,102.47,-9,False,SENS-04,2026-06-14 22:45:00,21.73,19.61,619.0,0.0,53.8
34,2026-06-15 01:00:00,102.47,-8,False,SENS-04,2026-06-14 23:00:00,21.79,19.49,752.0,0.0,50.1
34,2026-06-15 01:00:00,102.47,-7,False,SENS-04,2026-06-14 23:15:00,22.31,19.06,725.0,0.0,56.4
34,2026-06-15 01:00:00,102.47,-6,False,SENS-04,2026-06-14 23:30:00,22.13,19.07,759.0,0.0,60.9
34,2026-06-15 01:00:00,102.47,-5,False,SENS-04,2026-06-14 23:45:00,22.27,19.16,639.0,0.0,62.2
34,2026-06-15 01:00:00,102.47,-4,False,SENS-04,2026-06-15 00:00:00,106.82,18.69,651.0,0.0,62.8
34,2026-06-15 01:00:00,102.47,-3,False,SENS-04,2026-06-15 00:15:00,106.0,19.02,701.0,0.0,60.6
34,2026-06-15 01:00:00,102.47,-2,False,SENS-04,2026-06-15 00:30:00,104.57,18.21,753.0,0.0,65.2
34,2026-06-15 01:00:00,102.47,-1,False,SENS-04,2026-06-15 00:45:00,103.82,18.33,764.0,0.0,64.3
34,2026-06-15 01:00:00,102.47,0,True,SENS-04,2026-06-15 01:00:00,102.47,18.25,671.0,0.0,62.7
34,2026-06-15 01:00:00,102.47,1,False,SENS-04,2026-06-15 01:15:00,100.93,17.49,684.0,0.0,66.1
34,2026-06-15 01:00:00,102.47,2,False,SENS-04,2026-06-15 01:30:00,99.51,17.78,815.0,0.0,68.6
34,2026-06-15 01:00:00,102.47,3,False,SENS-04,2026-06-15 01:45:00,98.29,16.95,678.0,0.0,62.9
34,2026-06-15 01:00:00,102.47,4,False,SENS-04,2026-06-15 02:00:00,96.72,17.57,727.0,0.0,64.5
34,2026-06-15 01:00:00,102.47,5,False,SENS-04,2026-06-15 02:15:00,95.28,17.46,682.0,0.0,68.1
34,2026-06-15 01:00:00,102.47,6,False,SENS-04,2026-06-15 02:30:00,93.48,17.39,719.0,0.0,65.6
34,2026-06-15 01:00:00,102.47,7,False,SENS-04,2026-06-15 02:45:00,91.97,17.34,665.0,0.0,66.3
34,2026-06-15 01:00:00,102.47,8,False,SENS-04,2026-06-15 03:00:00,90.9,17.7,666.0,0.0,69.3
34,2026-06-15 01:00:00,102.47,9,False,SENS-04,2026-06-15 03:15:00,90.17,17.15,685.0,0.0,74.1
34,2026-06-15 01:00:00,102.47,10,False,SENS-04,2026-06-15 03:30:00,89.4,18.27,678.0,0.0,74.5
35,2026-06-15 01:15:00,100.93,-10,False,SENS-04,2026-06-14 22:45:00,21.73,19.61,619.0,0.0,53.8
35,2026-06-15 01:15:00,100.93,-9,False,SENS-04,2026-06-14 23:00:00,21.79,19.49,752.0,0.0,50.1
35,2026-06-15 01:15:00,100.93,-8,False,SENS-04,2026-06-14 23:15:00,22.31,19.06,725.0,0.0,56.4
35,2026-06-15 01:15:00,100.93,-7,False,SENS-04,2026-06-14 23:30:00,22.13,19.07,759.0,0.0,60.9
35,2026-06-15 01:15:00,100.93,-6,False,SENS-04,2026-06-14 23:45:00,22.27,19.16,639.0,0.0,62.2
35,2026-06-15 01:15:00,100.93,-5,False,SENS-04,2026-06-15 00:00:00,106.82,18.69,651.0,0.0,62.8
35,2026-06-15 01:15:00,100.93,-4,False,SENS-04,2026-06-15 00:15:00,106.0,19.02,701.0,0.0,60.6
35,2026-06-15 01:15:00,100.93,-3,False,SENS-04,2026-06-15 00:30:00,104.57,18.21,753.0,0.0,65.2
35,2026-06-15 01:15:00,100.93,-2,False,SENS-04,2026-06-15 00:45:00,103.82,18.33,764.0,0.0,64.3
35,2026-06-15 01:15:00,100.93,-1,False,SENS-04,2026-06-15 01:00:00,102.47,18.25,671.0,0.0,62.7
35,2026-06-15 01:15:00,100.93,0,True,SENS-04,2026-06-15 01:15:00,100.93,17.49,684.0,0.0,66.1
35,2026-06-15 01:15:00,100.93,1,False,SENS-04,2026-06-15 01:30:00,99.51,17.78,815.0,0.0,68.6
35,2026-06-15 01:15:00,100.93,2,False,SENS-04,2026-06-15 01:45:00,98.29,16.95,678.0,0.0,62.9
35,2026-06-15 01:15:00,100.93,3,False,SENS-04,2026-06-15 02:00:00,96.72,17.57,727.0,0.0,64.5
35,2026-06-15 01:15:00,100.93,4,False,SENS-04,2026-06-15 02:15:00,95.28,17.46,682.0,0.0,68.1
35,2026-06-15 01:15:00,100.93,5,False,SENS-04,2026-06-15 02:30:00,93.48,17.39,719.0,0.0,65.6
35,2026-06-15 01:15:00,100.93,6,False,SENS-04,2026-06-15 02:45:00,91.97,17.34,665.0,0.0,66.3
35,2026-06-15 01:15:00,100.93,7,False,SENS-04,2026-06-15 03:00:00,90.9,17.7,666.0,0.0,69.3
35,2026-06-15 01:15:00,100.93,8,False,SENS-04,2026-06-15 03:15:00,90.17,17.15,685.0,0.0,74.1
35,2026-06-15 01:15:00,100.93,9,False,SENS-04,2026-06-15 03:30:00,89.4,18.27,678.0,0.0,74.5
35,2026-06-15 01:15:00,100.93,10,False,SENS-04,2026-06-15 03:45:00,88.45,17.79,688.0,0.0,73.0
36,2026-06-17 00:00:00,107.12,-10,False,SENS-04,2026-06-16 21:30:00,15.47,21.02,710.0,0.0,44.0
36,2026-06-17 00:00:00,107.12,-9,False,SENS-04,2026-06-16 21:45:00,15.94,20.89,681.0,0.0,51.3
36,2026-06-17 00:00:00,107.12,-8,False,SENS-04,2026-06-16 22:00:00,16.87,20.53,680.0,0.0,52.1
36,2026-06-17 00:00:00,107.12,-7,False,SENS-04,2026-06-16 22:15:00,17.14,19.82,709.0,0.0,56.6
36,2026-06-17 00:00:00,107.12,-6,False,SENS-04,2026-06-16 22:30:00,17.33,19.09,650.0,0.0,57.6
36,2026-06-17 00:00:00,107.12,-5,False,SENS-04,2026-06-16 22:45:00,17.09,19.03,704.0,0.0,54.3
36,2026-06-17 00:00:00,107.12,-4,False,SENS-04,2026-06-16 23:00:00,16.87,18.85,644.0,0.0,58.1
36,2026-06-17 00:00:00,107.12,-3,False,SENS-04,2026-06-16 23:15:00,16.96,19.04,658.0,0.0,57.0
36,2026-06-17 00:00:00,107.12,-2,False,SENS-04,2026-06-16 23:30:00,17.51,19.42,707.0,0.0,56.1
36,2026-06-17 00:00:00,107.12,-1,False,SENS-04,2026-06-16 23:45:00,17.67,19.25,723.0,0.0,57.7
36,2026-06-17 00:00:00,107.12,0,True,SENS-04,2026-06-17 00:00:00,107.12,18.33,714.0,0.0,61.6
36,2026-06-17 00:00:00,107.12,1,False,SENS-04,2026-06-17 00:15:00,105.97,17.47,655.0,0.0,73.0
36,2026-06-17 00:00:00,107.12,2,False,SENS-04,2026-06-17 00:30:00,104.33,17.76,625.0,0.0,65.4
36,2026-06-17 00:00:00,107.12,3,False,SENS-04,2026-06-17 00:45:00,103.03,18.57,700.0,0.0,63.7
36,2026-06-17 00:00:00,107.12,4,False,SENS-04,2026-06-17 01:00:00,101.94,18.06,624.0,0.0,65.5
36,2026-06-17 00:00:00,107.12,5,False,SENS-04,2026-06-17 01:15:00,100.41,17.72,738.0,0.0,66.4
36,2026-06-17 00:00:00,107.12,6,False,SENS-04,2026-06-17 01:30:00,98.71,17.6,657.0,0.0,65.7
36,2026-06-17 00:00:00,107.12,7,False,SENS-04,2026-06-17 01:45:00,97.59,17.39,789.0,0.0,69.1
36,2026-06-17 00:00:00,107.12,8,False,SENS-04,2026-06-17 02:00:00,96.29,17.14,662.0,0.0,67.3
36,2026-06-17 00:00:00,107.12,9,False,SENS-04,2026-06-17 02:15:00,95.11,18.4,719.0,0.0,65.5
36,2026-06-17 00:00:00,107.12,10,False,SENS-04,2026-06-17 02:30:00,94.16,18.22,671.0,0.0,70.7
37,2026-06-17 00:15:00,105.97,-10,False,SENS-04,2026-06-16 21:45:00,15.94,20.89,681.0,0.0,51.3
37,2026-06-17 00:15:00,105.97,-9,False,SENS-04,2026-06-16 22:00:00,16.87,20.53,680.0,0.0,52.1
37,2026-06-17 00:15:00,105.97,-8,False,SENS-04,2026-06-16 22:15:00,17.14,19.82,709.0,0.0,56.6
37,2026-06-17 00:15:00,105.97,-7,False,SENS-04,2026-06-16 22:30:00,17.33,19.09,650.0,0.0,57.6
37,2026-06-17 00:15:00,105.97,-6,False,SENS-04,2026-06-16 22:45:00,17.09,19.03,704.0,0.0,54.3
37,2026-06-17 00:15:00,105.97,-5,False,SENS-04,2026-06-16 23:00:00,16.87,18.85,644.0,0.0,58.1
37,2026-06-17 00:15:00,105.97,-4,False,SENS-04,2026-06-16 23:15:00,16.96,19.04,658.0,0.0,57.0
37,2026-06-17 00:15:00,105.97,-3,False,SENS-04,2026-06-16 23:30:00,17.51,19.42,707.0,0.0,56.1
37,2026-06-17 00:15:00,105.97,-2,False,SENS-04,2026-06-16 23:45:00,17.67,19.25,723.0,0.0,57.7
37,2026-06-17 00:15:00,105.97,-1,False,SENS-04,2026-06-17 00:00:00,107.12,18.33,714.0,0.0,61.6
37,2026-06-17 00:15:00,105.97,0,True,SENS-04,2026-06-17 00:15:00,105.97,17.47,655.0,0.0,73.0
37,2026-06-17 00:15:00,105.97,1,False,SENS-04,2026-06-17 00:30:00,104.33,17.76,625.0,0.0,65.4
37,2026-06-17 00:15:00,105.97,2,False,SENS-04,2026-06-17 00:45:00,103.03,18.57,700.0,0.0,63.7
37,2026-06-17 00:15:00,105.97,3,False,SENS-04,2026-06-17 01:00:00,101.94,18.06,624.0,0.0,65.5
37,2026-06-17 00:15:00,105.97,4,False,SENS-04,2026-06-17 01:15:00,100.41,17.72,738.0,0.0,66.4
37,2026-06-17 00:15:00,105.97,5,False,SENS-04,2026-06-17 01:30:00,98.71,17.6,657.0,0.0,65.7
37,2026-06-17 00:15:00,105.97,6,False,SENS-04,2026-06-17 01:45:00,97.59,17.39,789.0,0.0,69.1
37,2026-06-17 00:15:00,105.97,7,False,SENS-04,2026-06-17 02:00:00,96.29,17.14,662.0,0.0,67.3
37,2026-06-17 00:15:00,105.97,8,False,SENS-04,2026-06-17 02:15:00,95.11,18.4,719.0,0.0,65.5
37,2026-06-17 00:15:00,105.97,9,False,SENS-04,2026-06-17 02:30:00,94.16,18.22,671.0,0.0,70.7
37,2026-06-17 00:15:00,105.97,10,False,SENS-04,2026-06-17 02:45:00,93.49,17.18,693.0,0.0,71.8
38,2026-06-17 00:30:00,104.33,-10,False,SENS-04,2026-06-16 22:00:00,16.87,20.53,680.0,0.0,52.1
38,2026-06-17 00:30:00,104.33,-9,False,SENS-04,2026-06-16 22:15:00,17.14,19.82,709.0,0.0,56.6
38,2026-06-17 00:30:00,104.33,-8,False,SENS-04,2026-06-16 22:30:00,17.33,19.09,650.0,0.0,57.6
38,2026-06-17 00:30:00,104.33,-7,False,SENS-04,2026-06-16 22:45:00,17.09,19.03,704.0,0.0,54.3
38,2026-06-17 00:30:00,104.33,-6,False,SENS-04,2026-06-16 23:00:00,16.87,18.85,644.0,0.0,58.1
38,2026-06-17 00:30:00,104.33,-5,False,SENS-04,2026-06-16 23:15:00,16.96,19.04,658.0,0.0,57.0
38,2026-06-17 00:30:00,104.33,-4,False,SENS-04,2026-06-16 23:30:00,17.51,19.42,707.0,0.0,56.1
38,2026-06-17 00:30:00,104.33,-3,False,SENS-04,2026-06-16 23:45:00,17.67,19.25,723.0,0.0,57.7
38,2026-06-17 00:30:00,104.33,-2,False,SENS-04,2026-06-17 00:00:00,107.12,18.33,714.0,0.0,61.6
38,2026-06-17 00:30:00,104.33,-1,False,SENS-04,2026-06-17 00:15:00,105.97,17.47,655.0,0.0,73.0
38,2026-06-17 00:30:00,104.33,0,True,SENS-04,2026-06-17 00:30:00,104.33,17.76,625.0,0.0,65.4
38,2026-06-17 00:30:00,104.33,1,False,SENS-04,2026-06-17 00:45:00,103.03,18.57,700.0,0.0,63.7
38,2026-06-17 00:30:00,104.33,2,False,SENS-04,2026-06-17 01:00:00,101.94,18.06,624.0,0.0,65.5
38,2026-06-17 00:30:00,104.33,3,False,SENS-04,2026-06-17 01:15:00,100.41,17.72,738.0,0.0,66.4
38,2026-06-17 00:30:00,104.33,4,False,SENS-04,2026-06-17 01:30:00,98.71,17.6,657.0,0.0,65.7
38,2026-06-17 00:30:00,104.33,5,False,SENS-04,2026-06-17 01:45:00,97.59,17.39,789.0,0.0,69.1
38,2026-06-17 00:30:00,104.33,6,False,SENS-04,2026-06-17 02:00:00,96.29,17.14,662.0,0.0,67.3
38,2026-06-17 00:30:00,104.33,7,False,SENS-04,2026-06-17 02:15:00,95.11,18.4,719.0,0.0,65.5
38,2026-06-17 00:30:00,104.33,8,False,SENS-04,2026-06-17 02:30:00,94.16,18.22,671.0,0.0,70.7
38,2026-06-17 00:30:00,104.33,9,False,SENS-04,2026-06-17 02:45:00,93.49,17.18,693.0,0.0,71.8
38,2026-06-17 00:30:00,104.33,10,False,SENS-04,2026-06-17 03:00:00,92.57,16.8,707.0,0.0,70.2
39,2026-06-17 00:45:00,103.03,-10,False,SENS-04,2026-06-16 22:15:00,17.14,19.82,709.0,0.0,56.6
39,2026-06-17 00:45:00,103.03,-9,False,SENS-04,2026-06-16 22:30:00,17.33,19.09,650.0,0.0,57.6
39,2026-06-17 00:45:00,103.03,-8,False,SENS-04,2026-06-16 22:45:00,17.09,19.03,704.0,0.0,54.3
39,2026-06-17 00:45:00,103.03,-7,False,SENS-04,2026-06-16 23:00:00,16.87,18.85,644.0,0.0,58.1
39,2026-06-17 00:45:00,103.03,-6,False,SENS-04,2026-06-16 23:15:00,16.96,19.04,658.0,0.0,57.0
39,2026-06-17 00:45:00,103.03,-5,False,SENS-04,2026-06-16 23:30:00,17.51,19.42,707.0,0.0,56.1
39,2026-06-17 00:45:00,103.03,-4,False,SENS-04,2026-06-16 23:45:00,17.67,19.25,723.0,0.0,57.7
39,2026-06-17 00:45:00,103.03,-3,False,SENS-04,2026-06-17 00:00:00,107.12,18.33,714.0,0.0,61.6
39,2026-06-17 00:45:00,103.03,-2,False,SENS-04,2026-06-17 00:15:00,105.97,17.47,655.0,0.0,73.0
39,2026-06-17 00:45:00,103.03,-1,False,SENS-04,2026-06-17 00:30:00,104.33,17.76,625.0,0.0,65.4
39,2026-06-17 00:45:00,103.03,0,True,SENS-04,2026-06-17 00:45:00,103.03,18.57,700.0,0.0,63.7
39,2026-06-17 00:45:00,103.03,1,False,SENS-04,2026-06-17 01:00:00,101.94,18.06,624.0,0.0,65.5
39,2026-06-17 00:45:00,103.03,2,False,SENS-04,2026-06-17 01:15:00,100.41,17.72,738.0,0.0,66.4
39,2026-06-17 00:45:00,103.03,3,False,SENS-04,2026-06-17 01:30:00,98.71,17.6,657.0,0.0,65.7
39,2026-06-17 00:45:00,103.03,4,False,SENS-04,2026-06-17 01:45:00,97.59,17.39,789.0,0.0,69.1
39,2026-06-17 00:45:00,103.03,5,False,SENS-04,2026-06-17 02:00:00,96.29,17.14,662.0,0.0,67.3
39,2026-06-17 00:45:00,103.03,6,False,SENS-04,2026-06-17 02:15:00,95.11,18.4,719.0,0.0,65.5
39,2026-06-17 00:45:00,103.03,7,False,SENS-04,2026-06-17 02:30:00,94.16,18.22,671.0,0.0,70.7
39,2026-06-17 00:45:00,103.03,8,False,SENS-04,2026-06-17 02:45:00,93.49,17.18,693.0,0.0,71.8
39,2026-06-17 00:45:00,103.03,9,False,SENS-04,2026-06-17 03:00:00,92.57,16.8,707.0,0.0,70.2
39,2026-06-17 00:45:00,103.03,10,False,SENS-04,2026-06-17 03:15:00,91.61,17.58,734.0,0.0,72.1
40,2026-06-17 01:00:00,101.94,-10,False,SENS-04,2026-06-16 22:30:00,17.33,19.09,650.0,0.0,57.6
40,2026-06-17 01:00:00,101.94,-9,False,SENS-04,2026-06-16 22:45:00,17.09,19.03,704.0,0.0,54.3
40,2026-06-17 01:00:00,101.94,-8,False,SENS-04,2026-06-16 23:00:00,16.87,18.85,644.0,0.0,58.1
40,2026-06-17 01:00:00,101.94,-7,False,SENS-04,2026-06-16 23:15:00,16.96,19.04,658.0,0.0,57.0
40,2026-06-17 01:00:00,101.94,-6,False,SENS-04,2026-06-16 23:30:00,17.51,19.42,707.0,0.0,56.1
40,2026-06-17 01:00:00,101.94,-5,False,SENS-04,2026-06-16 23:45:00,17.67,19.25,723.0,0.0,57.7
40,2026-06-17 01:00:00,101.94,-4,False,SENS-04,2026-06-17 00:00:00,107.12,18.33,714.0,0.0,61.6
40,2026-06-17 01:00:00,101.94,-3,False,SENS-04,2026-06-17 00:15:00,105.97,17.47,655.0,0.0,73.0
40,2026-06-17 01:00:00,101.94,-2,False,SENS-04,2026-06-17 00:30:00,104.33,17.76,625.0,0.0,65.4
40,2026-06-17 01:00:00,101.94,-1,False,SENS-04,2026-06-17 00:45:00,103.03,18.57,700.0,0.0,63.7
40,2026-06-17 01:00:00,101.94,0,True,SENS-04,2026-06-17 01:00:00,101.94,18.06,624.0,0.0,65.5
40,2026-06-17 01:00:00,101.94,1,False,SENS-04,2026-06-17 01:15:00,100.41,17.72,738.0,0.0,66.4
40,2026-06-17 01:00:00,101.94,2,False,SENS-04,2026-06-17 01:30:00,98.71,17.6,657.0,0.0,65.7
40,2026-06-17 01:00:00,101.94,3,False,SENS-04,2026-06-17 01:45:00,97.59,17.39,789.0,0.0,69.1
40,2026-06-17 01:00:00,101.94,4,False,SENS-04,2026-06-17 02:00:00,96.29,17.14,662.0,0.0,67.3
40,2026-06-17 01:00:00,101.94,5,False,SENS-04,2026-06-17 02:15:00,95.11,18.4,719.0,0.0,65.5
40,2026-06-17 01:00:00,101.94,6,False,SENS-04,2026-06-17 02:30:00,94.16,18.22,671.0,0.0,70.7
40,2026-06-17 01:00:00,101.94,7,False,SENS-04,2026-06-17 02:45:00,93.49,17.18,693.0,0.0,71.8
40,2026-06-17 01:00:00,101.94,8,False,SENS-04,2026-06-17 03:00:00,92.57,16.8,707.0,0.0,70.2
40,2026-06-17 01:00:00,101.94,9,False,SENS-04,2026-06-17 03:15:00,91.61,17.58,734.0,0.0,72.1
40,2026-06-17 01:00:00,101.94,10,False,SENS-04,2026-06-17 03:30:00,90.25,17.47,741.0,0.0,74.5
41,2026-06-17 01:15:00,100.41,-10,False,SENS-04,2026-06-16 22:45:00,17.09,19.03,704.0,0.0,54.3
41,2026-06-17 01:15:00,100.41,-9,False,SENS-04,2026-06-16 23:00:00,16.87,18.85,644.0,0.0,58.1
41,2026-06-17 01:15:00,100.41,-8,False,SENS-04,2026-06-16 23:15:00,16.96,19.04,658.0,0.0,57.0
41,2026-06-17 01:15:00,100.41,-7,False,SENS-04,2026-06-16 23:30:00,17.51,19.42,707.0,0.0,56.1
41,2026-06-17 01:15:00,100.41,-6,False,SENS-04,2026-06-16 23:45:00,17.67,19.25,723.0,0.0,57.7
41,2026-06-17 01:15:00,100.41,-5,False,SENS-04,2026-06-17 00:00:00,107.12,18.33,714.0,0.0,61.6
41,2026-06-17 01:15:00,100.41,-4,False,SENS-04,2026-06-17 00:15:00,105.97,17.47,655.0,0.0,73.0
41,2026-06-17 01:15:00,100.41,-3,False,SENS-04,2026-06-17 00:30:00,104.33,17.76,625.0,0.0,65.4
41,2026-06-17 01:15:00,100.41,-2,False,SENS-04,2026-06-17 00:45:00,103.03,18.57,700.0,0.0,63.7
41,2026-06-17 01:15:00,100.41,-1,False,SENS-04,2026-06-17 01:00:00,101.94,18.06,624.0,0.0,65.5
41,2026-06-17 01:15:00,100.41,0,True,SENS-04,2026-06-17 01:15:00,100.41,17.72,738.0,0.0,66.4
41,2026-06-17 01:15:00,100.41,1,False,SENS-04,2026-06-17 01:30:00,98.71,17.6,657.0,0.0,65.7
41,2026-06-17 01:15:00,100.41,2,False,SENS-04,2026-06-17 01:45:00,97.59,17.39,789.0,0.0,69.1
41,2026-06-17 01:15:00,100.41,3,False,SENS-04,2026-06-17 02:00:00,96.29,17.14,662.0,0.0,67.3
41,2026-06-17 01:15:00,100.41,4,False,SENS-04,2026-06-17 02:15:00,95.11,18.4,719.0,0.0,65.5
41,2026-06-17 01:15:00,100.41,5,False,SENS-04,2026-06-17 02:30:00,94.16,18.22,671.0,0.0,70.7
41,2026-06-17 01:15:00,100.41,6,False,SENS-04,2026-06-17 02:45:00,93.49,17.18,693.0,0.0,71.8
41,2026-06-17 01:15:00,100.41,7,False,SENS-04,2026-06-17 03:00:00,92.57,16.8,707.0,0.0,70.2
41,2026-06-17 01:15:00,100.41,8,False,SENS-04,2026-06-17 03:15:00,91.61,17.58,734.0,0.0,72.1
41,2026-06-17 01:15:00,100.41,9,False,SENS-04,2026-06-17 03:30:00,90.25,17.47,741.0,0.0,74.5
41,2026-06-17 01:15:00,100.41,10,False,SENS-04,2026-06-17 03:45:00,88.98,17.82,729.0,0.0,71.9
42,2026-06-19 00:00:00,102.21,-10,False,SENS-04,2026-06-18 21:30:00,16.09,20.58,664.0,0.0,47.5
42,2026-06-19 00:00:00,102.21,-9,False,SENS-04,2026-06-18 21:45:00,16.07,20.29,754.0,0.0,54.5
42,2026-06-19 00:00:00,102.21,-8,False,SENS-04,2026-06-18 22:00:00,15.76,20.52,686.0,0.0,48.6
42,2026-06-19 00:00:00,102.21,-7,False,SENS-04,2026-06-18 22:15:00,16.12,20.1,718.0,0.0,46.7
42,2026-06-19 00:00:00,102.21,-6,False,SENS-04,2026-06-18 22:30:00,15.97,19.63,695.0,0.0,55.2
42,2026-06-19 00:00:00,102.21,-5,False,SENS-04,2026-06-18 22:45:00,15.34,19.32,780.0,0.0,55.1
42,2026-06-19 00:00:00,102.21,-4,False,SENS-04,2026-06-18 23:00:00,15.73,19.23,676.0,0.0,58.6
42,2026-06-19 00:00:00,102.21,-3,False,SENS-04,2026-06-18 23:15:00,15.39,19.04,737.0,0.0,57.1
42,2026-06-19 00:00:00,102.21,-2,False,SENS-04,2026-06-18 23:30:00,16.6,19.88,697.0,0.0,64.4
42,2026-06-19 00:00:00,102.21,-1,False,SENS-04,2026-06-18 23:45:00,16.41,18.11,723.0,0.0,57.9
42,2026-06-19 00:00:00,102.21,0,True,SENS-04,2026-06-19 00:00:00,102.21,18.15,765.0,0.0,62.8
42,2026-06-19 00:00:00,102.21,1,False,SENS-04,2026-06-19 00:15:00,100.84,17.94,620.0,0.0,59.2
42,2026-06-19 00:00:00,102.21,2,False,SENS-04,2026-06-19 00:30:00,99.62,18.33,697.0,0.0,63.4
42,2026-06-19 00:00:00,102.21,3,False,SENS-04,2026-06-19 00:45:00,98.47,18.18,664.0,0.0,65.0
42,2026-06-19 00:00:00,102.21,4,False,SENS-04,2026-06-19 01:00:00,96.65,17.74,718.0,0.0,66.5
42,2026-06-19 00:00:00,102.21,5,False,SENS-04,2026-06-19 01:15:00,94.52,18.22,728.0,0.0,67.3
42,2026-06-19 00:00:00,102.21,6,False,SENS-04,2026-06-19 01:30:00,94.08,17.91,681.0,0.0,56.2
42,2026-06-19 00:00:00,102.21,7,False,SENS-04,2026-06-19 01:45:00,92.24,18.06,679.0,0.0,66.7
42,2026-06-19 00:00:00,102.21,8,False,SENS-04,2026-06-19 02:00:00,91.7,18.1,708.0,0.0,66.0
42,2026-06-19 00:00:00,102.21,9,False,SENS-04,2026-06-19 02:15:00,90.74,16.71,649.0,0.0,67.4
42,2026-06-19 00:00:00,102.21,10,False,SENS-04,2026-06-19 02:30:00,89.64,17.8,713.0,0.0,68.4
43,2026-06-19 00:15:00,100.84,-10,False,SENS-04,2026-06-18 21:45:00,16.07,20.29,754.0,0.0,54.5
43,2026-06-19 00:15:00,100.84,-9,False,SENS-04,2026-06-18 22:00:00,15.76,20.52,686.0,0.0,48.6
43,2026-06-19 00:15:00,100.84,-8,False,SENS-04,2026-06-18 22:15:00,16.12,20.1,718.0,0.0,46.7
43,2026-06-19 00:15:00,100.84,-7,False,SENS-04,2026-06-18 22:30:00,15.97,19.63,695.0,0.0,55.2
43,2026-06-19 00:15:00,100.84,-6,False,SENS-04,2026-06-18 22:45:00,15.34,19.32,780.0,0.0,55.1
43,2026-06-19 00:15:00,100.84,-5,False,SENS-04,2026-06-18 23:00:00,15.73,19.23,676.0,0.0,58.6
43,2026-06-19 00:15:00,100.84,-4,False,SENS-04,2026-06-18 23:15:00,15.39,19.04,737.0,0.0,57.1
43,2026-06-19 00:15:00,100.84,-3,False,SENS-04,2026-06-18 23:30:00,16.6,19.88,697.0,0.0,64.4
43,2026-06-19 00:15:00,100.84,-2,False,SENS-04,2026-06-18 23:45:00,16.41,18.11,723.0,0.0,57.9
43,2026-06-19 00:15:00,100.84,-1,False,SENS-04,2026-06-19 00:00:00,102.21,18.15,765.0,0.0,62.8
43,2026-06-19 00:15:00,100.84,0,True,SENS-04,2026-06-19 00:15:00,100.84,17.94,620.0,0.0,59.2
43,2026-06-19 00:15:00,100.84,1,False,SENS-04,2026-06-19 00:30:00,99.62,18.33,697.0,0.0,63.4
43,2026-06-19 00:15:00,100.84,2,False,SENS-04,2026-06-19 00:45:00,98.47,18.18,664.0,0.0,65.0
43,2026-06-19 00:15:00,100.84,3,False,SENS-04,2026-06-19 01:00:00,96.65,17.74,718.0,0.0,66.5
43,2026-06-19 00:15:00,100.84,4,False,SENS-04,2026-06-19 01:15:00,94.52,18.22,728.0,0.0,67.3
43,2026-06-19 00:15:00,100.84,5,False,SENS-04,2026-06-19 01:30:00,94.08,17.91,681.0,0.0,56.2
43,2026-06-19 00:15:00,100.84,6,False,SENS-04,2026-06-19 01:45:00,92.24,18.06,679.0,0.0,66.7
43,2026-06-19 00:15:00,100.84,7,False,SENS-04,2026-06-19 02:00:00,91.7,18.1,708.0,0.0,66.0
43,2026-06-19 00:15:00,100.84,8,False,SENS-04,2026-06-19 02:15:00,90.74,16.71,649.0,0.0,67.4
43,2026-06-19 00:15:00,100.84,9,False,SENS-04,2026-06-19 02:30:00,89.64,17.8,713.0,0.0,68.4
43,2026-06-19 00:15:00,100.84,10,False,SENS-04,2026-06-19 02:45:00,88.31,16.99,667.0,0.0,72.9
44,2026-06-21 00:00:00,107.0,-10,False,SENS-04,2026-06-20 21:30:00,26.3,19.85,731.0,0.0,46.2
44,2026-06-21 00:00:00,107.0,-9,False,SENS-04,2026-06-20 21:45:00,25.83,20.12,738.0,0.0,53.2
44,2026-06-21 00:00:00,107.0,-8,False,SENS-04,2026-06-20 22:00:00,25.72,19.23,739.0,0.0,48.6
44,2026-06-21 00:00:00,107.0,-7,False,SENS-04,2026-06-20 22:15:00,25.97,19.6,674.0,0.0,56.9
44,2026-06-21 00:00:00,107.0,-6,False,SENS-04,2026-06-20 22:30:00,25.94,19.41,714.0,0.0,50.1
44,2026-06-21 00:00:00,107.0,-5,False,SENS-04,2026-06-20 22:45:00,25.26,19.57,743.0,0.0,52.6
44,2026-06-21 00:00:00,107.0,-4,False,SENS-04,2026-06-20 23:00:00,25.48,18.93,645.0,0.0,59.5
44,2026-06-21 00:00:00,107.0,-3,False,SENS-04,2026-06-20 23:15:00,25.11,18.84,645.0,0.0,60.8
44,2026-06-21 00:00:00,107.0,-2,False,SENS-04,2026-06-20 23:30:00,25.06,19.39,642.0,0.0,59.8
44,2026-06-21 00:00:00,107.0,-1,False,SENS-04,2026-06-20 23:45:00,24.54,19.52,629.0,0.0,55.3
44,2026-06-21 00:00:00,107.0,0,True,SENS-04,2026-06-21 00:00:00,107.0,18.16,658.0,0.0,59.9
44,2026-06-21 00:00:00,107.0,1,False,SENS-04,2026-06-21 00:15:00,105.97,18.78,679.0,0.0,60.8
44,2026-06-21 00:00:00,107.0,2,False,SENS-04,2026-06-21 00:30:00,104.5,18.38,760.0,0.0,59.3
44,2026-06-21 00:00:00,107.0,3,False,SENS-04,2026-06-21 00:45:00,102.95,17.39,683.0,0.0,65.1
44,2026-06-21 00:00:00,107.0,4,False,SENS-04,2026-06-21 01:00:00,101.78,17.65,639.0,0.0,61.7
44,2026-06-21 00:00:00,107.0,5,False,SENS-04,2026-06-21 01:15:00,100.04,16.65,707.0,0.0,61.1
44,2026-06-21 00:00:00,107.0,6,False,SENS-04,2026-06-21 01:30:00,99.47,17.9,692.0,0.0,61.1
44,2026-06-21 00:00:00,107.0,7,False,SENS-04,2026-06-21 01:45:00,98.27,17.26,669.0,0.0,72.0
44,2026-06-21 00:00:00,107.0,8,False,SENS-04,2026-06-21 02:00:00,96.78,17.67,676.0,0.0,66.2
44,2026-06-21 00:00:00,107.0,9,False,SENS-04,2026-06-21 02:15:00,95.38,18.6,743.0,0.0,67.1
44,2026-06-21 00:00:00,107.0,10,False,SENS-04,2026-06-21 02:30:00,94.18,18.17,644.0,0.0,66.2
45,2026-06-21 00:15:00,105.97,-10,False,SENS-04,2026-06-20 21:45:00,25.83,20.12,738.0,0.0,53.2
45,2026-06-21 00:15:00,105.97,-9,False,SENS-04,2026-06-20 22:00:00,25.72,19.23,739.0,0.0,48.6
45,2026-06-21 00:15:00,105.97,-8,False,SENS-04,2026-06-20 22:15:00,25.97,19.6,674.0,0.0,56.9
45,2026-06-21 00:15:00,105.97,-7,False,SENS-04,2026-06-20 22:30:00,25.94,19.41,714.0,0.0,50.1
45,2026-06-21 00:15:00,105.97,-6,False,SENS-04,2026-06-20 22:45:00,25.26,19.57,743.0,0.0,52.6
45,2026-06-21 00:15:00,105.97,-5,False,SENS-04,2026-06-20 23:00:00,25.48,18.93,645.0,0.0,59.5
45,2026-06-21 00:15:00,105.97,-4,False,SENS-04,2026-06-20 23:15:00,25.11,18.84,645.0,0.0,60.8
45,2026-06-21 00:15:00,105.97,-3,False,SENS-04,2026-06-20 23:30:00,25.06,19.39,642.0,0.0,59.8
45,2026-06-21 00:15:00,105.97,-2,False,SENS-04,2026-06-20 23:45:00,24.54,19.52,629.0,0.0,55.3
45,2026-06-21 00:15:00,105.97,-1,False,SENS-04,2026-06-21 00:00:00,107.0,18.16,658.0,0.0,59.9
45,2026-06-21 00:15:00,105.97,0,True,SENS-04,2026-06-21 00:15:00,105.97,18.78,679.0,0.0,60.8
45,2026-06-21 00:15:00,105.97,1,False,SENS-04,2026-06-21 00:30:00,104.5,18.38,760.0,0.0,59.3
45,2026-06-21 00:15:00,105.97,2,False,SENS-04,2026-06-21 00:45:00,102.95,17.39,683.0,0.0,65.1
45,2026-06-21 00:15:00,105.97,3,False,SENS-04,2026-06-21 01:00:00,101.78,17.65,639.0,0.0,61.7
45,2026-06-21 00:15:00,105.97,4,False,SENS-04,2026-06-21 01:15:00,100.04,16.65,707.0,0.0,61.1
45,2026-06-21 00:15:00,105.97,5,False,SENS-04,2026-06-21 01:30:00,99.47,17.9,692.0,0.0,61.1
45,2026-06-21 00:15:00,105.97,6,False,SENS-04,2026-06-21 01:45:00,98.27,17.26,669.0,0.0,72.0
45,2026-06-21 00:15:00,105.97,7,False,SENS-04,2026-06-21 02:00:00,96.78,17.67,676.0,0.0,66.2
45,2026-06-21 00:15:00,105.97,8,False,SENS-04,2026-06-21 02:15:00,95.38,18.6,743.0,0.0,67.1
45,2026-06-21 00:15:00,105.97,9,False,SENS-04,2026-06-21 02:30:00,94.18,18.17,644.0,0.0,66.2
45,2026-06-21 00:15:00,105.97,10,False,SENS-04,2026-06-21 02:45:00,93.38,17.2,633.0,0.0,74.1
46,2026-06-21 00:30:00,104.5,-10,False,SENS-04,2026-06-20 22:00:00,25.72,19.23,739.0,0.0,48.6
46,2026-06-21 00:30:00,104.5,-9,False,SENS-04,2026-06-20 22:15:00,25.97,19.6,674.0,0.0,56.9
46,2026-06-21 00:30:00,104.5,-8,False,SENS-04,2026-06-20 22:30:00,25.94,19.41,714.0,0.0,50.1
46,2026-06-21 00:30:00,104.5,-7,False,SENS-04,2026-06-20 22:45:00,25.26,19.57,743.0,0.0,52.6
46,2026-06-21 00:30:00,104.5,-6,False,SENS-04,2026-06-20 23:00:00,25.48,18.93,645.0,0.0,59.5
46,2026-06-21 00:30:00,104.5,-5,False,SENS-04,2026-06-20 23:15:00,25.11,18.84,645.0,0.0,60.8
46,2026-06-21 00:30:00,104.5,-4,False,SENS-04,2026-06-20 23:30:00,25.06,19.39,642.0,0.0,59.8
46,2026-06-21 00:30:00,104.5,-3,False,SENS-04,2026-06-20 23:45:00,24.54,19.52,629.0,0.0,55.3
46,2026-06-21 00:30:00,104.5,-2,False,SENS-04,2026-06-21 00:00:00,107.0,18.16,658.0,0.0,59.9
46,2026-06-21 00:30:00,104.5,-1,False,SENS-04,2026-06-21 00:15:00,105.97,18.78,679.0,0.0,60.8
46,2026-06-21 00:30:00,104.5,0,True,SENS-04,2026-06-21 00:30:00,104.5,18.38,760.0,0.0,59.3
46,2026-06-21 00:30:00,104.5,1,False,SENS-04,2026-06-21 00:45:00,102.95,17.39,683.0,0.0,65.1
46,2026-06-21 00:30:00,104.5,2,False,SENS-04,2026-06-21 01:00:00,101.78,17.65,639.0,0.0,61.7
46,2026-06-21 00:30:00,104.5,3,False,SENS-04,2026-06-21 01:15:00,100.04,16.65,707.0,0.0,61.1
46,2026-06-21 00:30:00,104.5,4,False,SENS-04,2026-06-21 01:30:00,99.47,17.9,692.0,0.0,61.1
46,2026-06-21 00:30:00,104.5,5,False,SENS-04,2026-06-21 01:45:00,98.27,17.26,669.0,0.0,72.0
46,2026-06-21 00:30:00,104.5,6,False,SENS-04,2026-06-21 02:00:00,96.78,17.67,676.0,0.0,66.2
46,2026-06-21 00:30:00,104.5,7,False,SENS-04,2026-06-21 02:15:00,95.38,18.6,743.0,0.0,67.1
46,2026-06-21 00:30:00,104.5,8,False,SENS-04,2026-06-21 02:30:00,94.18,18.17,644.0,0.0,66.2
46,2026-06-21 00:30:00,104.5,9,False,SENS-04,2026-06-21 02:45:00,93.38,17.2,633.0,0.0,74.1
46,2026-06-21 00:30:00,104.5,10,False,SENS-04,2026-06-21 03:00:00,91.84,17.1,719.0,0.0,66.4
47,2026-06-21 00:45:00,102.95,-10,False,SENS-04,2026-06-20 22:15:00,25.97,19.6,674.0,0.0,56.9
47,2026-06-21 00:45:00,102.95,-9,False,SENS-04,2026-06-20 22:30:00,25.94,19.41,714.0,0.0,50.1
47,2026-06-21 00:45:00,102.95,-8,False,SENS-04,2026-06-20 22:45:00,25.26,19.57,743.0,0.0,52.6
47,2026-06-21 00:45:00,102.95,-7,False,SENS-04,2026-06-20 23:00:00,25.48,18.93,645.0,0.0,59.5
47,2026-06-21 00:45:00,102.95,-6,False,SENS-04,2026-06-20 23:15:00,25.11,18.84,645.0,0.0,60.8
47,2026-06-21 00:45:00,102.95,-5,False,SENS-04,2026-06-20 23:30:00,25.06,19.39,642.0,0.0,59.8
47,2026-06-21 00:45:00,102.95,-4,False,SENS-04,2026-06-20 23:45:00,24.54,19.52,629.0,0.0,55.3
47,2026-06-21 00:45:00,102.95,-3,False,SENS-04,2026-06-21 00:00:00,107.0,18.16,658.0,0.0,59.9
47,2026-06-21 00:45:00,102.95,-2,False,SENS-04,2026-06-21 00:15:00,105.97,18.78,679.0,0.0,60.8
47,2026-06-21 00:45:00,102.95,-1,False,SENS-04,2026-06-21 00:30:00,104.5,18.38,760.0,0.0,59.3
47,2026-06-21 00:45:00,102.95,0,True,SENS-04,2026-06-21 00:45:00,102.95,17.39,683.0,0.0,65.1
47,2026-06-21 00:45:00,102.95,1,False,SENS-04,2026-06-21 01:00:00,101.78,17.65,639.0,0.0,61.7
47,2026-06-21 00:45:00,102.95,2,False,SENS-04,2026-06-21 01:15:00,100.04,16.65,707.0,0.0,61.1
47,2026-06-21 00:45:00,102.95,3,False,SENS-04,2026-06-21 01:30:00,99.47,17.9,692.0,0.0,61.1
47,2026-06-21 00:45:00,102.95,4,False,SENS-04,2026-06-21 01:45:00,98.27,17.26,669.0,0.0,72.0
47,2026-06-21 00:45:00,102.95,5,False,SENS-04,2026-06-21 02:00:00,96.78,17.67,676.0,0.0,66.2
47,2026-06-21 00:45:00,102.95,6,False,SENS-04,2026-06-21 02:15:00,95.38,18.6,743.0,0.0,67.1
47,2026-06-21 00:45:00,102.95,7,False,SENS-04,2026-06-21 02:30:00,94.18,18.17,644.0,0.0,66.2
47,2026-06-21 00:45:00,102.95,8,False,SENS-04,2026-06-21 02:45:00,93.38,17.2,633.0,0.0,74.1
47,2026-06-21 00:45:00,102.95,9,False,SENS-04,2026-06-21 03:00:00,91.84,17.1,719.0,0.0,66.4
47,2026-06-21 00:45:00,102.95,10,False,SENS-04,2026-06-21 03:15:00,90.53,18.02,675.0,0.0,67.5
48,2026-06-21 01:00:00,101.78,-10,False,SENS-04,2026-06-20 22:30:00,25.94,19.41,714.0,0.0,50.1
48,2026-06-21 01:00:00,101.78,-9,False,SENS-04,2026-06-20 22:45:00,25.26,19.57,743.0,0.0,52.6
48,2026-06-21 01:00:00,101.78,-8,False,SENS-04,2026-06-20 23:00:00,25.48,18.93,645.0,0.0,59.5
48,2026-06-21 01:00:00,101.78,-7,False,SENS-04,2026-06-20 23:15:00,25.11,18.84,645.0,0.0,60.8
48,2026-06-21 01:00:00,101.78,-6,False,SENS-04,2026-06-20 23:30:00,25.06,19.39,642.0,0.0,59.8
48,2026-06-21 01:00:00,101.78,-5,False,SENS-04,2026-06-20 23:45:00,24.54,19.52,629.0,0.0,55.3
48,2026-06-21 01:00:00,101.78,-4,False,SENS-04,2026-06-21 00:00:00,107.0,18.16,658.0,0.0,59.9
48,2026-06-21 01:00:00,101.78,-3,False,SENS-04,2026-06-21 00:15:00,105.97,18.78,679.0,0.0,60.8
48,2026-06-21 01:00:00,101.78,-2,False,SENS-04,2026-06-21 00:30:00,104.5,18.38,760.0,0.0,59.3
48,2026-06-21 01:00:00,101.78,-1,False,SENS-04,2026-06-21 00:45:00,102.95,17.39,683.0,0.0,65.1
48,2026-06-21 01:00:00,101.78,0,True,SENS-04,2026-06-21 01:00:00,101.78,17.65,639.0,0.0,61.7
48,2026-06-21 01:00:00,101.78,1,False,SENS-04,2026-06-21 01:15:00,100.04,16.65,707.0,0.0,61.1
48,2026-06-21 01:00:00,101.78,2,False,SENS-04,2026-06-21 01:30:00,99.47,17.9,692.0,0.0,61.1
48,2026-06-21 01:00:00,101.78,3,False,SENS-04,2026-06-21 01:45:00,98.27,17.26,669.0,0.0,72.0
48,2026-06-21 01:00:00,101.78,4,False,SENS-04,2026-06-21 02:00:00,96.78,17.67,676.0,0.0,66.2
48,2026-06-21 01:00:00,101.78,5,False,SENS-04,2026-06-21 02:15:00,95.38,18.6,743.0,0.0,67.1
48,2026-06-21 01:00:00,101.78,6,False,SENS-04,2026-06-21 02:30:00,94.18,18.17,644.0,0.0,66.2
48,2026-06-21 01:00:00,101.78,7,False,SENS-04,2026-06-21 02:45:00,93.38,17.2,633.0,0.0,74.1
48,2026-06-21 01:00:00,101.78,8,False,SENS-04,2026-06-21 03:00:00,91.84,17.1,719.0,0.0,66.4
48,2026-06-21 01:00:00,101.78,9,False,SENS-04,2026-06-21 03:15:00,90.53,18.02,675.0,0.0,67.5
48,2026-06-21 01:00:00,101.78,10,False,SENS-04,2026-06-21 03:30:00,89.37,17.13,762.0,0.0,70.7
49,2026-06-21 01:15:00,100.04,-10,False,SENS-04,2026-06-20 22:45:00,25.26,19.57,743.0,0.0,52.6
49,2026-06-21 01:15:00,100.04,-9,False,SENS-04,2026-06-20 23:00:00,25.48,18.93,645.0,0.0,59.5
49,2026-06-21 01:15:00,100.04,-8,False,SENS-04,2026-06-20 23:15:00,25.11,18.84,645.0,0.0,60.8
49,2026-06-21 01:15:00,100.04,-7,False,SENS-04,2026-06-20 23:30:00,25.06,19.39,642.0,0.0,59.8
49,2026-06-21 01:15:00,100.04,-6,False,SENS-04,2026-06-20 23:45:00,24.54,19.52,629.0,0.0,55.3
49,2026-06-21 01:15:00,100.04,-5,False,SENS-04,2026-06-21 00:00:00,107.0,18.16,658.0,0.0,59.9
49,2026-06-21 01:15:00,100.04,-4,False,SENS-04,2026-06-21 00:15:00,105.97,18.78,679.0,0.0,60.8
49,2026-06-21 01:15:00,100.04,-3,False,SENS-04,2026-06-21 00:30:00,104.5,18.38,760.0,0.0,59.3
49,2026-06-21 01:15:00,100.04,-2,False,SENS-04,2026-06-21 00:45:00,102.95,17.39,683.0,0.0,65.1
49,2026-06-21 01:15:00,100.04,-1,False,SENS-04,2026-06-21 01:00:00,101.78,17.65,639.0,0.0,61.7
49,2026-06-21 01:15:00,100.04,0,True,SENS-04,2026-06-21 01:15:00,100.04,16.65,707.0,0.0,61.1
49,2026-06-21 01:15:00,100.04,1,False,SENS-04,2026-06-21 01:30:00,99.47,17.9,692.0,0.0,61.1
49,2026-06-21 01:15:00,100.04,2,False,SENS-04,2026-06-21 01:45:00,98.27,17.26,669.0,0.0,72.0
49,2026-06-21 01:15:00,100.04,3,False,SENS-04,2026-06-21 02:00:00,96.78,17.67,676.0,0.0,66.2
49,2026-06-21 01:15:00,100.04,4,False,SENS-04,2026-06-21 02:15:00,95.38,18.6,743.0,0.0,67.1
49,2026-06-21 01:15:00,100.04,5,False,SENS-04,2026-06-21 02:30:00,94.18,18.17,644.0,0.0,66.2
49,2026-06-21 01:15:00,100.04,6,False,SENS-04,2026-06-21 02:45:00,93.38,17.2,633.0,0.0,74.1
49,2026-06-21 01:15:00,100.04,7,False,SENS-04,2026-06-21 03:00:00,91.84,17.1,719.0,0.0,66.4
49,2026-06-21 01:15:00,100.04,8,False,SENS-04,2026-06-21 03:15:00,90.53,18.02,675.0,0.0,67.5
49,2026-06-21 01:15:00,100.04,9,False,SENS-04,2026-06-21 03:30:00,89.37,17.13,762.0,0.0,70.7
49,2026-06-21 01:15:00,100.04,10,False,SENS-04,2026-06-21 03:45:00,88.86,17.96,694.0,0.0,72.0
